DS,名前,読み,武力,知力,政治,魅力,陸指,水指,合計,順位,偏差,軍師,将軍
 ,阿会喃,ｱｶｲﾅﾝ,70,93,22,31,15,24,68,14,220,93,721,35.8 ,"",""
 ,晏明,ｱﾝﾒｲ,82,62,34,27,63,27,63,59,20,93,229,709,37.0 ,"", 
 ,韋康,ｲｺｳ,30,93,58,66,28,27,63,9,218,728,35.5 ,"", 
◇,韋昭,ｲｼｮｳ,20,93,68,73,40,93,68,18,21,268,599,42.3 ,"", 
 ,伊籍,ｲｾｷ,21,84,80,93,62,72,70,93,389,167,63,58.9 ,軍師, 
 ,尹楷,ｲﾝｶｲ,82,63,40,93,47,63,42,31,42,17,63,242,687,63,38.8 ,"", 
 ,尹賞,ｲﾝｼｮｳ,37,63,47,63,71,33,40,93,35,24,23,40,93,246,672,39.3 ,"", 
◇,尹大目,ｲﾝﾀﾞｲﾓｸ,12,37,63,50,93,56,12,10,93,177,63,764,29.9 ,"", 
 ,尹奉,ｲﾝﾎｳ,63,40,93,49,61,54,61,42,330,93,317,63,50.8 ,"", 
 ,尹黙,ｲﾝﾓｸ,20,93,73,40,93,87,63,30,93,22,7,63,239,692,38.4 ,軍師, 
 ,尹礼,ｲﾝﾚｲ,82,68,47,63,40,93,37,63,65,24,21,278,555,24,43.7 ,"", 
 ,于禁,ｳｷﾝ,60,93,52,57,63,43,40,93,62,19,293,40,93,482,45.8 ,"", 
◇,于詮,ｳｾﾝ,76,42,37,63,68,64,68,355,24,235,24,54.2 ,"",将軍
 ,于糜,ｳﾋﾞ,61,28,14,19,58,29,209,738,34.3 ,"", 
◇,衛瓘,ｴｲｶﾝ,45,24,81,78,37,63,70,93,65,24,376,192,57.1 ,軍師, 
◇,袁遺,ｴﾝｲ,82,38,73,40,93,80,93,69,57,63,51,368,212,56.0 ,軍師, 
 ,袁胤,ｴﾝｲﾝ,25,24,59,62,65,24,23,40,93,10,93,244,680,93,39.1 ,"", 
◇,閻宇,ｴﾝｳ,64,60,93,56,20,93,61,58,319,357,63,49.3 ,"", 
 ,袁煕,ｴﾝｷ,58,63,40,93,65,24,52,57,63,22,317,63,365,24,49.0 ,"", 
◇,閻行,ｴﾝｺｳ,90,93,38,33,40,93,50,93,75,24,70,93,356,233,40,93,54.4 ,"",将軍
◇,閻柔,ｴﾝｼﾞｭｳ,70,93,70,93,73,40,93,80,93,78,74,445,24,45,24,66.5 ,"",将軍
 ,袁術,ｴﾝｼﾞｭﾂ,79,67,63,61,53,40,93,71,63,40,93,394,156,59.6 ,"",将軍
 ,袁紹,ｴﾝｼｮｳ,80,93,71,64,61,71,71,418,97,63,62.8 ,"",将軍
 ,袁尚,ｴﾝｼｮｳ,69,63,40,93,57,63,51,74,20,93,334,299,51.4 ,"", 
 ,閻象,ｴﾝｼｮｳ,39,70,93,83,40,93,61,32,10,93,295,24,468,46.0 ,軍師, 
 ,袁譚,ｴﾝﾀﾝ,58,54,48,53,40,93,56,19,288,501,45.1 ,"", 
 ,閻圃,ｴﾝﾎ,36,80,93,78,48,27,63,14,283,40,93,527,63,44.4 ,軍師, 
◇,袁耀,ｴﾝﾖｳ,42,45,24,50,93,59,45,24,44,285,24,515,24,44.7 ,"", 
 ,王威,ｵｳｲ,82,40,93,58,62,43,40,93,36,21,260,93,629,41.2 ,"", 
 ,王允,ｵｳｲﾝ,52,64,73,40,93,62,48,16,315,24,374,48.8 ,"", 
 ,王楷,ｵｳｶｲ,82,32,54,60,93,25,24,29,8,208,741,34.1 ,"", 
 ,王基,ｵｳｷ,72,69,47,63,71,71,70,93,400,93,141,60.4 ,"",将軍
◇,王頎,ｵｳｷ,66,63,40,93,76,73,40,93,75,24,70,93,423,40,93,86,63.5 ,"", 
 ,王匡,ｵｳｷｮｳ,51,40,93,35,24,45,24,47,63,25,24,243,40,93,682,38.9 ,"", 
◇,王業,ｵｳｷﾞｮｳ,11,46,72,50,93,32,29,240,93,688,38.5 ,"", 
◇,王経,ｵｳｹｲ,82,62,67,63,75,24,77,63,64,62,407,63,121,61.3 ,"", 
 ,王垢,ｵｳｺｳ,66,47,63,38,54,63,40,93,26,294,476,45.9 ,"", 
 ,王伉,ｵｳｺｳ,58,55,24,70,93,67,63,56,18,324,338,50.0 ,"", 
◇,王渾,ｵｳｺﾝ,75,24,72,74,70,93,76,70,93,437,63,56,65.4 ,"",将軍
 ,王粲,ｵｳｻﾝ,30,93,70,93,86,68,28,13,40,93,295,24,469,46.0 ,軍師, 
 ,王子服,ｵｳｼﾌｸ,79,64,54,70,93,54,20,93,341,274,52.3 ,"",""
 ,王修,ｵｳｼｭｳ,43,40,93,65,24,68,69,37,63,15,24,297,63,458,46.3 ,"", 
◇,王戎,ｵｳｼﾞｭｳ,36,72,56,48,60,93,41,313,40,93,385,24,48.5 ,"", 
◇,王粛,ｵｳｼｭｸ,21,80,93,78,76,42,31,328,329,50.5 ,軍師, 
◇,王濬,ｵｳｼｭﾝ,71,79,70,93,78,81,90,93,469,22,69.8 ,"",将軍
 ,王昌,ｵｳｼｮｳ,64,52,39,73,40,93,60,93,23,40,93,311,396,48.2 ,"", 
◇,王祥,ｵｳｼｮｳ,19,65,24,76,84,25,24,19,288,502,45.1 ,"", 
 ,王植,ｵｳｼｮｸ,62,59,50,93,41,58,26,296,462,46.2 ,"", 
◇,区星,ｵｳｾｲ,82,71,31,29,40,93,56,32,259,635,24,41.1 ,"",""
 ,王双,ｵｳｿｳ,88,21,20,93,29,84,70,93,312,389,48.3 ,"",将軍
 ,王則,ｵｳｿｸ,53,40,93,61,72,68,46,18,318,360,93,49.2 ,"", 
 ,王忠,ｵｳﾁｭｳ,55,24,37,63,34,50,93,53,40,93,17,63,246,673,40,93,39.3 ,"", 
◇,王昶,ｵｳﾁｮｳ,61,70,93,83,40,93,78,79,75,24,446,41,66.7 ,軍師, 
◇,王韜,ｵｳﾄｳ,44,70,93,54,60,93,48,32,308,408,47.8 ,"", 
◇,王惇,ｵｳﾄﾝ,65,24,41,62,53,40,93,60,93,65,24,346,259,53.0 ,"", 
 ,王平,ｵｳﾍｲ,82,72,67,63,59,81,72,70,93,421,91,63.2 ,"",将軍
 ,王甫,ｵｳﾎ,63,40,93,73,40,93,68,82,74,70,93,430,93,72,64.5 ,"", 
 ,王方,ｵｳﾎｳ,57,63,41,28,31,42,19,218,729,35.5 ,"", 
◇,王門,ｵｳﾓﾝ,67,63,32,40,93,52,64,58,313,40,93,386,48.5 ,"", 
◇,王淩,ｵｳﾘｮｳ,60,93,71,84,75,24,73,40,93,60,93,423,40,93,87,63,63.5 ,軍師, 
 ,王累,ｵｳﾙｲ,82,23,40,93,80,93,85,24,78,21,4,291,489,45.5 ,軍師, 
 ,王朗,ｵｳﾛｳ,46,60,93,62,62,43,40,93,11,284,522,44.5 ,"", 
◇,於夫羅,ｵﾌﾗ,68,11,34,64,75,24,30,93,282,535,24,44.2 ,"", 
◇,温恢,ｵﾝｶｲ,82,40,93,78,85,24,73,40,93,42,20,93,338,286,51.9 ,軍師, 
◇,何晏,ｶｱﾝ,27,63,72,68,10,93,19,13,40,93,209,739,34.3 ,"", 
 ,蒯越,ｶｲｴﾂ,29,74,81,60,93,26,9,279,549,43.8 ,軍師, 
 ,蒯良,ｶｲﾘｮｳ,30,93,72,80,93,58,27,63,10,93,277,63,564,43.6 ,軍師, 
 ,賈華,ｶｶ,62,60,93,59,52,58,38,329,321,50.7 ,"", 
◇,華覈,ｶｶｸ,22,80,93,80,93,72,30,93,25,24,309,402,47.9 ,軍師, 
◇,俄何焼,ｶﾞｶｼｮｳ,76,10,93,12,32,64,52,246,674,39.3 ,"",""
 ,賈逵,ｶｷ,55,24,64,71,68,54,20,93,332,311,51.1 ,"", 
◇,何儀,ｶｷﾞ,69,37,63,15,24,16,55,24,40,93,232,705,24,37.4 ,"", 
 ,華歆,ｶｷﾝ,28,62,76,31,26,12,235,24,697,63,37.8 ,"", 
 ,賈詡,ｶｸ,40,93,94,87,63,67,63,81,72,441,51,66.0 ,軍師, 
 ,郭奕,ｶｸｴｷ,29,65,24,80,93,47,63,23,40,93,13,40,93,257,63,644,40.8 ,軍師, 
 ,郭嘉,ｶｸｶ,36,80,93,97,63,82,32,6,333,40,93,307,63,51.2 ,軍師, 
◇,鄂煥,ｶﾞｸｶﾝ,83,40,93,49,24,50,93,60,93,48,314,379,48.6 ,"",""
 ,郭汜,ｶｸｼ,61,33,40,93,33,40,93,37,63,59,20,93,243,40,93,683,40,93,38.9 ,"", 
 ,楽就,ｶﾞｸｼｭｳ,70,93,51,47,63,50,93,67,63,32,317,63,366,49.0 ,"",""
 ,霍峻,ｶｸｼｭﾝ,67,63,65,24,52,73,40,93,62,18,337,63,291,51.8 ,"", 
 ,郝昭,ｶｸｼｮｳ,85,24,76,70,93,83,40,93,80,93,76,470,93,21,69.9 ,"",将軍
 ,楽進,ｶﾞｸｼﾝ,74,39,32,76,74,70,93,365,24,216,55.6 ,"",将軍
 ,楽綝,ｶﾞｸﾁﾝ,56,43,40,93,25,24,31,53,40,93,12,220,93,722,35.8 ,"", 
 ,郭図,ｶｸﾄ,34,76,81,40,93,31,8,270,93,590,93,42.6 ,軍師, 
◇,郭馬,ｶｸﾊﾞ,71,49,30,93,50,93,68,50,93,318,361,49.2 ,"",""
 ,郝萌,ｶｸﾎﾞｳ,60,93,51,53,40,93,62,46,13,40,93,285,24,516,44.7 ,"", 
 ,郭攸之,ｶｸﾕｳｼ,38,75,24,85,24,70,93,45,24,31,344,263,40,93,52.7 ,軍師, 
◇,霍弋,ｶｸﾖｸ,67,63,70,93,71,74,75,24,60,93,417,63,100,93,62.7 ,"", 
 ,郭淮,ｶｸﾜｲ,82,58,66,67,63,50,93,53,40,93,20,93,314,380,93,48.6 ,"", 
 ,和洽,ｶｺｳ,35,24,58,71,46,29,10,93,249,666,39.7 ,"", 
 ,夏侯威,ｶｺｳｲ,82,75,24,72,67,63,70,93,75,24,71,430,93,73,40,93,64.5 ,"",将軍
 ,夏侯淵,ｶｺｳｴﾝ,90,93,58,55,24,74,86,74,437,63,57,63,65.4 ,"",将軍
 ,夏侯恩,ｶｺｳｵﾝ,60,93,62,64,75,24,58,27,63,346,260,93,53.0 ,"", 
 ,夏侯和,ｶｺｳｶ,80,93,80,93,63,40,93,70,93,77,63,73,40,93,443,40,93,48,66.3 ,軍師,将軍
 ,夏侯恵,ｶｺｳｹｲ,82,82,81,61,76,81,73,40,93,454,31,67.8 ,軍師,将軍
 ,夏侯玄,ｶｺｳｹﾞﾝ,43,40,93,79,92,72,31,14,331,315,24,50.9 ,軍師, 
 ,夏侯尚,ｶｺｳｼｮｳ,70,93,60,93,54,67,63,68,25,24,344,264,52.7 ,"",""
 ,夏侯存,ｶｺｳｿﾝ,64,51,47,63,42,59,26,289,498,45.2 ,"", 
 ,夏侯徳,ｶｺｳﾄｸ,69,59,58,64,67,63,22,339,281,52.0 ,"", 
 ,夏侯惇,ｶｺｳﾄﾝ,95,24,60,93,54,75,24,90,93,76,450,93,36,67.2 ,"",将軍
 ,夏侯覇,ｶｺｳﾊ,87,63,59,55,24,71,82,74,428,77,63,64.2 ,"",将軍
 ,夏侯楙,ｶｺｳﾎﾞｳ,54,35,24,40,93,27,63,37,63,13,40,93,206,746,33.9 ,"", 
 ,夏侯蘭,ｶｺｳﾗﾝ,72,53,40,93,42,68,70,93,70,93,375,24,194,57.0 ,"",将軍
◇,賈充,ｶｼﾞｭｳ,32,89,88,10,93,52,33,40,93,304,429,47.3 ,軍師, 
◇,何植,ｶｼｮｸ,38,29,33,40,93,15,24,18,19,152,768,26.5 ,"", 
◇,何進,ｶｼﾝ,39,10,93,39,71,40,93,20,93,219,725,24,35.6 ,"", 
◇,賀斉,ｶﾞｾｲ,82,73,40,93,72,59,66,83,40,93,82,435,24,61,65.2 ,"",将軍
 ,賈範,ｶﾊﾝ,67,63,65,24,44,78,61,27,63,342,270,93,52.4 ,"", 
◇,軻比能,ｶﾋﾉｳ,69,52,59,68,77,63,53,40,93,378,189,57.4 ,"", 
 ,華雄,ｶﾕｳ,90,93,29,23,40,93,40,93,89,72,343,40,93,265,24,52.6 ,"",将軍
◇,関彜,ｶﾝｲ,82,65,24,49,48,63,40,93,43,40,93,30,93,298,454,46.4 ,"", 
 ,韓胤,ｶﾝｲﾝ,41,54,62,23,40,93,29,12,221,720,93,35.9 ,"", 
 ,関羽,ｶﾝｳ,98,82,64,96,100,93,78,518,5,24,76.5 ,軍師,将軍
 ,桓楷,ｶﾝｶｲ,82,39,51,51,69,36,25,24,271,586,42.7 ,"", 
◇,管亥,ｶﾝｶﾞｲ,82,85,24,14,16,25,24,71,32,243,40,93,684,38.9 ,"",将軍
 ,毋丘倹,ｶﾝｷｭｳｹﾝ,75,24,50,93,47,63,48,74,23,40,93,317,63,367,63,49.0 ,"",""
◇,毋丘秀,ｶﾝｷｭｳｼｭｳ,63,40,93,35,24,38,51,58,40,93,285,24,517,63,44.7 ,"", 
◇,毋丘甸,ｶﾝｷｭｳﾃﾞﾝ,58,68,70,93,58,63,40,93,44,361,224,55.0 ,"", 
 ,韓莒子,ｶﾝｷｮｼ,54,51,43,40,93,46,50,93,21,265,24,613,40,93,41.9 ,"", 
 ,韓玄,ｶﾝｹﾞﾝ,57,63,35,24,28,10,93,46,17,63,193,40,93,755,24,32.1 ,"", 
 ,関興,ｶﾝｺｳ,88,70,93,61,72,85,24,70,93,446,42,66.7 ,"",将軍
 ,韓浩,ｶﾝｺｳ,62,45,24,33,40,93,47,63,59,21,267,63,601,42.2 ,"", 
 ,関索,ｶﾝｻｸ,85,24,68,59,70,93,80,93,70,93,432,68,64.7 ,"",将軍
 ,関純,ｶﾝｼﾞｭﾝ,42,61,69,28,32,27,63,259,636,41.1 ,"", 
 ,韓遂,ｶﾝｽｲ,82,70,93,62,64,78,72,70,93,416,106,62.6 ,"",将軍
 ,韓嵩,ｶﾝｽｳ,38,71,82,57,63,30,93,11,289,499,45.2 ,軍師, 
◇,関靖,ｶﾝｾｲ,82,50,93,73,40,93,48,51,35,24,21,278,556,43.7 ,"", 
 ,韓暹,ｶﾝｾﾝ,56,38,27,63,45,24,45,24,16,227,63,711,36.7 ,"", 
 ,闞沢,ｶﾝﾀｸ,45,24,78,85,24,72,52,60,93,392,161,59.3 ,軍師, 
◇,韓忠,ｶﾝﾁｭｳ,67,63,20,93,16,18,66,25,24,212,736,34.7 ,"", 
 ,韓当,ｶﾝﾄｳ,60,93,42,63,40,93,56,59,34,314,381,48.6 ,"", 
◇,関統,ｶﾝﾄｳ,58,60,93,62,72,64,58,374,195,24,56.8 ,"", 
◇,韓徳,ｶﾝﾄｸ,79,24,21,50,93,62,45,24,281,540,93,44.1 ,"",""
 ,甘寧,ｶﾝﾈｲ,82,91,54,42,58,84,72,401,136,60.5 ,"",将軍
◇,桓範,ｶﾝﾊﾝ,22,80,93,72,55,24,35,24,29,293,40,93,483,40,93,45.8 ,軍師, 
 ,韓福,ｶﾝﾌｸ,67,63,56,40,93,31,59,21,274,574,43.2 ,"", 
 ,韓馥,ｶﾝﾌｸ,57,63,52,64,54,50,93,22,299,446,46.6 ,"", 
 ,関平,ｶﾝﾍﾟｲ,82,80,93,74,60,93,75,24,78,70,93,437,63,58,65.4 ,"",将軍
 ,韓猛,ｶﾝﾓｳ,65,24,43,40,93,41,48,61,24,282,536,44.2 ,"", 
 ,簡雍,ｶﾝﾖｳ,42,68,73,40,93,79,36,11,309,403,40,93,47.9 ,"", 
 ,顔良,ｶﾞﾝﾘｮｳ,87,63,32,20,93,55,24,84,71,349,249,53.4 ,"",将軍
 ,魏延,ｷﾞｴﾝ,92,45,24,28,41,80,93,75,24,361,225,24,55.0 ,"",将軍
 ,麹義,ｷｸｷﾞ,73,40,93,39,31,53,40,93,65,24,24,285,24,518,44.7 ,"",""
◇,戯志才,ｷﾞｼｻｲ,82,13,40,93,86,73,40,93,55,24,39,32,298,455,24,46.4 ,軍師, 
 ,魏続,ｷﾞｿﾞｸ,72,46,32,40,93,68,20,93,278,557,63,43.7 ,"",""
◇,魏邈,ｷﾞﾊﾞｸ,62,60,93,56,65,24,58,62,363,40,93,219,55.3 ,"", 
◇,魏攸,ｷﾞﾕｳ,28,77,63,73,40,93,66,40,93,33,40,93,317,63,368,49.0 ,"", 
 ,牛金,ｷﾞｭｳｷﾝ,82,35,24,21,57,63,73,40,93,70,93,338,287,63,51.9 ,"",将軍
◇,丘建,ｷｭｳｹﾝ,56,69,60,93,65,24,50,93,43,40,93,343,40,93,266,52.6 ,"", 
 ,牛輔,ｷﾞｭｳﾎ,57,63,58,52,43,40,93,52,20,93,282,537,63,44.2 ,"", 
◇,丘本,ｷｭｳﾎﾝ,41,80,93,54,53,40,93,60,93,52,340,93,276,52.2 ,軍師, 
◇,丘力居,ｷｭｳﾘｸｷｮ,68,56,55,24,60,93,80,93,52,371,201,56.4 ,"", 
 ,姜維,ｷｮｳｲ,82,91,92,72,85,24,88,75,24,503,40,93,11,74.5 ,軍師,将軍
 ,鞏志,ｷｮｳｼ,44,63,40,93,58,50,93,40,93,19,274,575,24,43.2 ,"", 
 ,姜叙,ｷｮｳｼﾞｮ,79,54,41,70,93,72,71,387,63,171,58.6 ,"",将軍
 ,橋蕤,ｷｮｳｽﾞｲ,82,67,63,60,93,51,48,62,24,312,390,93,48.3 ,"", 
◇,強端,ｷｮｳﾀﾝ,85,24,19,21,29,58,40,93,252,658,40.2 ,"",将軍
◇,龔都,ｷｮｳﾄ,72,25,24,23,40,93,32,65,24,55,24,272,580,93,42.9 ,"",""
 ,喬瑁,ｷｮｳﾎﾞｳ,62,58,42,32,59,26,279,550,93,43.8 ,"", 
◇,許儀,ｷｮｷﾞ,74,15,24,24,47,63,53,40,93,42,255,24,653,40,93,40.6 ,"",""
 ,許貢,ｷｮｺｳ,65,24,58,52,49,61,33,40,93,318,362,49.2 ,"", 
 ,許汜,ｷｮｼ,23,40,93,78,45,24,35,24,20,93,9,210,93,737,63,34.4 ,"", 
 ,許昌,ｷｮｼｮｳ,74,60,93,48,62,62,31,337,63,292,51.8 ,"",""
 ,許靖,ｷｮｾｲ,82,21,75,24,76,52,16,5,24,245,24,676,39.2 ,"", 
 ,許褚,ｷｮﾁｮ,97,63,25,24,19,69,94,76,380,93,185,24,57.6 ,"",将軍
 ,許攸,ｷｮﾕｳ,45,24,61,76,42,40,93,21,285,24,519,44.7 ,"", 
 ,紀霊,ｷﾚｲ,82,70,93,35,24,30,93,50,93,70,93,70,93,325,24,334,50.1 ,"",将軍
◇,金褘,ｷﾝｲ,82,40,93,63,40,93,65,24,67,63,25,24,18,278,558,43.7 ,"", 
 ,金環結,ｷﾝｶﾝｹﾂ,60,93,12,14,15,24,64,20,93,185,24,760,93,31.0 ,"", 
 ,金旋,ｷﾝｾﾝ,52,27,63,25,24,30,93,40,93,13,40,93,187,63,758,31.3 ,"", 
◇,虞汜,ｸﾞｼ,33,40,93,79,71,72,70,93,72,397,63,146,60.0 ,"", 
 ,虞翻,ｸﾞﾎﾝ,40,93,78,80,93,76,32,15,24,321,343,40,93,49.6 ,軍師, 
 ,邢道栄,ｹｲﾄﾞｳｴｲ,82,78,30,93,26,54,70,93,21,279,551,43.8 ,"",""
◇,郤正,ｹﾞｷｾｲ,82,13,40,93,63,40,93,73,40,93,61,25,24,17,63,252,659,40.2 ,"", 
 ,厳顔,ｹﾞﾝｶﾞﾝ,86,71,68,76,87,63,73,40,93,461,28,68.7 ,"",将軍
◇,牽弘,ｹﾝｺｳ,72,66,64,58,76,70,93,406,123,40,93,61.2 ,"",将軍
 ,厳綱,ｹﾞﾝｺｳ,66,45,24,32,38,60,93,26,267,63,602,42.2 ,"", 
 ,厳畯,ｹﾞﾝｼｭﾝ,25,24,71,73,40,93,60,93,24,20,93,273,40,93,576,43.0 ,"", 
◇,厳政,ｹﾞﾝｾｲ,82,58,38,31,12,50,93,25,24,214,732,35.0 ,"", 
 ,厳白虎,ｹﾞﾝﾊｸｺ,74,52,47,63,59,69,28,329,322,50.7 ,"",""
 ,厳輿,ｹﾞﾝﾖ,70,93,50,93,48,52,62,25,24,307,63,413,40,93,47.7 ,"",""
 ,呉懿,ｺﾞｲ,82,71,69,74,75,24,70,93,70,93,429,75,24,64.3 ,"",将軍
 ,黄琬,ｺｳｴﾝ,59,54,50,93,43,40,93,57,63,21,284,523,40,93,44.5 ,"", 
 ,黄蓋,ｺｳｶﾞｲ,82,86,66,48,81,74,80,93,435,24,62,65.2 ,"",将軍
 ,高幹,ｺｳｶﾝ,61,30,93,28,41,42,18,220,93,723,40,93,35.8 ,"", 
 ,耿紀,ｺｳｷ,43,40,93,59,71,68,38,16,295,24,470,93,46.0 ,"", 
 ,黄権,ｺｳｹﾝ,45,24,84,72,64,75,24,71,411,114,61.9 ,軍師, 
◇,黄皓,ｺｳｺｳ,10,93,36,12,11,9,5,24,83,40,93,770,93,17.1 ,"", 
 ,孔秀,ｺｳｼｭｳ,64,47,63,36,45,24,58,19,269,598,42.5 ,"", 
◇,高柔,ｺｳｼﾞｭｳ,44,73,40,93,82,76,62,56,393,40,93,159,59.4 ,軍師, 
 ,高順,ｺｳｼﾞｭﾝ,60,93,54,43,40,93,69,54,27,63,307,63,414,47.7 ,"", 
◇,高昇,ｺｳｼｮｳ,73,40,93,40,93,21,22,63,40,93,35,24,254,657,63,40.4 ,"",""
◇,高翔,ｺｳｼｮｳ,67,63,51,43,40,93,54,68,57,63,340,93,277,63,52.2 ,"", 
◇,黄崇,ｺｳｽｳ,64,74,69,65,24,68,62,402,134,60.6 ,"", 
 ,侯成,ｺｳｾｲ,82,67,63,42,40,93,39,65,24,24,277,63,565,24,43.6 ,"", 
 ,侯選,ｺｳｾﾝ,70,93,35,24,30,93,60,93,62,31,288,503,40,93,45.1 ,"",""
 ,黄祖,ｺｳｿ,66,43,40,93,39,31,63,40,93,20,93,262,623,40,93,41.5 ,"", 
 ,公孫越,ｺｳｿﾝｴﾂ,60,93,47,63,43,40,93,62,58,49,319,358,49.3 ,"", 
 ,公孫淵,ｺｳｿﾝｴﾝ,72,65,24,60,93,74,73,40,93,71,415,24,110,93,62.4 ,"",将軍
 ,公孫恭,ｺｳｿﾝｷｮｳ,71,67,63,52,74,72,70,93,406,124,61.2 ,"",将軍
 ,公孫康,ｺｳｿﾝｺｳ,70,93,62,56,72,70,93,70,93,400,93,142,60.4 ,"",将軍
 ,公孫瓚,ｺｳｿﾝｻﾝ,71,70,93,64,58,67,63,28,358,232,54.6 ,"",""
 ,公孫修,ｺｳｿﾝｼｭｳ,66,47,63,68,32,56,27,63,296,463,40,93,46.2 ,"", 
◇,公孫続,ｺｳｿﾝｼｮｸ,69,53,40,93,61,62,60,93,35,24,340,93,278,52.2 ,"", 
 ,公孫度,ｺｳｿﾝﾄﾞ,74,61,53,40,93,71,72,72,403,40,93,132,60.8 ,"",将軍
◇,公孫範,ｺｳｿﾝﾊﾝ,66,63,40,93,57,63,61,77,63,36,360,93,229,54.9 ,"", 
 ,黄忠,ｺｳﾁｭｳ,95,24,67,63,64,87,63,90,93,76,479,19,71.2 ,"",将軍
 ,孔伷,ｺｳﾁｭｳ,70,93,59,47,63,41,60,93,22,299,447,63,46.6 ,"",""
 ,高定,ｺｳﾃｲ,82,67,63,22,20,93,48,65,24,30,93,252,660,93,40.2 ,"", 
 ,高沛,ｺｳﾊｲ,82,59,43,40,93,41,47,63,56,20,93,266,608,42.1 ,"", 
 ,耿武,ｺｳﾌﾞ,44,53,40,93,71,52,32,27,63,279,552,43.8 ,"", 
 ,皇甫嵩,ｺｳﾎｽｳ,68,64,72,74,63,40,93,30,93,371,202,56.4 ,"", 
 ,孔融,ｺｳﾕｳ,58,83,40,93,76,64,67,63,63,40,93,411,115,24,61.9 ,軍師, 
 ,高覧,ｺｳﾗﾝ,75,24,50,93,30,93,72,72,70,93,369,205,24,56.1 ,"",将軍
◇,黄乱,ｺｳﾗﾝ,75,24,16,25,24,36,63,40,93,60,93,275,24,570,93,43.3 ,"",""
◇,伍延,ｺﾞｴﾝ,73,40,93,46,48,63,40,93,59,67,63,356,234,54.4 ,"",将軍
◇,呉巨,ｺﾞｷｮ,63,40,93,32,52,48,49,52,296,464,46.2 ,"", 
◇,国淵,ｺｸｴﾝ,21,71,88,74,52,43,40,93,349,250,93,53.4 ,軍師, 
 ,呉景,ｺﾞｹｲ,82,64,58,53,40,93,58,59,30,93,322,341,49.7 ,"", 
 ,伍瓊,ｺﾞｹｲ,82,49,57,63,66,44,40,93,15,24,271,587,63,42.7 ,"", 
◇,吾彦,ｺﾞｹﾞﾝ,68,76,67,63,65,24,55,24,73,40,93,404,129,60.9 ,"", 
◇,呉綱,ｺﾞｺｳ,34,61,66,72,52,49,334,300,93,51.4 ,"", 
 ,胡才,ｺｻｲ,82,69,62,49,41,64,21,306,419,47.5 ,"", 
◇,胡済,ｺｻｲ,82,42,68,72,66,58,40,93,346,261,53.0 ,"", 
◇,吾粲,ｺﾞｻﾝ,41,80,93,72,68,69,70,93,400,93,143,40,93,60.4 ,軍師, 
◇,胡質,ｺｼﾂ,50,93,75,24,79,72,73,40,93,60,93,409,119,61.6 ,"", 
 ,呉質,ｺﾞｼﾂ,42,61,73,40,93,64,35,24,16,291,490,93,45.5 ,"", 
 ,胡車児,ｺｼｬｼﾞ,71,58,42,68,65,24,30,93,334,301,51.4 ,"",""
 ,伍習,ｺﾞｼｭｳ,73,40,93,62,38,78,71,70,93,392,162,59.3 ,"",将軍
◇,胡遵,ｺｼﾞｭﾝ,78,52,49,60,93,72,62,373,40,93,199,56.7 ,"",将軍
 ,呉子蘭,ｺﾞｼﾗﾝ,68,59,52,76,60,93,28,343,40,93,267,63,52.6 ,"", 
 ,胡軫,ｺｼﾝ,58,30,93,24,20,93,37,63,10,93,179,763,40,93,30.2 ,"", 
 ,呉碩,ｺﾞｾｷ,62,58,70,93,69,51,22,332,312,51.1 ,"", 
 ,胡赤児,ｺｾｷｼﾞ,65,24,46,37,63,22,61,27,63,258,640,93,41.0 ,"", 
◇,顧譚,ｺﾀﾝ,21,69,80,93,75,24,33,40,93,43,40,93,321,344,49.6 ,軍師, 
◇,呼廚泉,ｺﾁｭｳｾﾝ,65,24,26,26,66,69,43,40,93,295,24,471,46.0 ,"", 
◇,兀突骨,ｺﾞﾂﾄﾂｺﾂ,89,11,12,19,74,70,93,275,24,571,43.3 ,"",将軍
 ,呉敦,ｺﾞﾄﾝ,64,62,54,47,63,61,18,306,420,93,47.5 ,"", 
 ,胡班,ｺﾊﾝ,70,93,62,50,93,69,65,24,24,340,93,279,52.2 ,"",""
 ,呉班,ｺﾞﾊﾝ,65,24,47,63,43,40,93,62,64,21,302,435,24,47.0 ,"", 
◇,胡奮,ｺﾌﾝ,76,50,93,46,52,71,52,347,63,255,24,53.1 ,"",""
 ,顧雍,ｺﾖｳ,18,72,75,24,75,24,17,63,13,40,93,270,93,591,42.6 ,"", 
 ,呉蘭,ｺﾞﾗﾝ,88,43,40,93,42,54,85,24,72,384,176,58.2 ,"",将軍
◇,胡烈,ｺﾚﾂ,69,76,66,68,77,63,65,24,421,92,63.2 ,"", 
◇,蔡琬,ｻｲｴﾝ,56,70,93,79,76,32,21,334,302,51.4 ,"", 
 ,蔡和,ｻｲｶ,53,40,93,39,37,63,37,63,40,93,19,225,24,714,36.5 ,"", 
 ,蔡勲,ｻｲｸﾝ,65,24,56,52,60,93,63,40,93,24,320,93,348,49.4 ,"", 
 ,蔡中,ｻｲﾁｭｳ,51,36,41,35,24,30,93,21,214,733,40,93,35.0 ,"", 
 ,蔡瑁,ｻｲﾎﾞｳ,70,93,68,75,24,54,67,63,85,24,419,96,63.0 ,"",将軍
 ,崔勇,ｻｲﾕｳ,56,53,40,93,47,63,33,40,93,52,25,24,266,609,42.1 ,"", 
 ,蔡陽,ｻｲﾖｳ,64,42,31,42,61,20,93,260,93,630,93,41.2 ,"", 
 ,蔡邕,ｻｲﾖｳ,42,63,40,93,71,68,39,12,295,24,472,46.0 ,"", 
◇,左奕,ｻｴｷ,66,51,47,63,56,60,93,62,342,271,52.4 ,"", 
 ,笮融,ｻｸﾕｳ,45,24,59,62,38,41,27,63,272,581,42.9 ,"", 
 ,左霊,ｻﾚｲ,82,53,40,93,61,68,42,52,18,294,477,63,45.9 ,"", 
◇,士壱,ｼｲﾂ,36,67,63,74,69,48,35,24,329,323,40,93,50.7 ,"", 
 ,史渙,ｼｶﾝ,68,43,40,93,41,49,63,40,93,22,286,509,44.8 ,"", 
◇,士徽,ｼｷ,64,44,31,54,69,58,320,93,349,49.4 ,"", 
◇,士匡,ｼｷｮｳ,45,24,64,58,64,58,40,93,329,324,50.7 ,"", 
◇,施朔,ｼｻｸ,66,44,26,49,36,35,24,256,647,63,40.7 ,"", 
◇,師簒,ｼｻﾝ,71,54,48,21,61,59,314,382,48.6 ,"",""
◇,士祗,ｼｼ,58,51,52,46,63,40,93,59,329,325,24,50.7 ,"", 
◇,士燮,ｼｼｮｳ,31,76,80,93,86,59,53,40,93,385,24,173,40,93,58.3 ,軍師, 
 ,史蹟,ｼｾｷ,65,24,52,41,53,40,93,60,93,43,40,93,314,383,40,93,48.6 ,"", 
 ,司馬懿,ｼﾊﾞｲ,82,62,98,90,93,80,93,95,24,79,504,9,74.6 ,軍師, 
 ,司馬炎,ｼﾊﾞｴﾝ,86,71,54,63,40,93,90,93,71,435,24,63,40,93,65.2 ,"",将軍
 ,司馬師,ｼﾊﾞｼ,65,24,87,63,81,75,24,79,76,463,40,93,27,63,69.0 ,軍師, 
 ,司馬昭,ｼﾊﾞｼｮｳ,66,85,24,82,70,93,75,24,72,450,93,37,63,67.2 ,軍師, 
◇,司馬伷,ｼﾊﾞﾁｭｳ,53,40,93,62,65,24,59,63,40,93,45,24,347,63,256,53.1 ,"", 
◇,司馬孚,ｼﾊﾞﾌ,35,24,77,63,80,93,87,63,72,59,410,93,117,63,61.7 ,軍師, 
◇,司馬望,ｼﾊﾞﾎﾞｳ,59,81,64,19,70,93,58,351,244,53.7 ,軍師, 
◇,司馬攸,ｼﾊﾞﾕｳ,60,93,80,93,72,83,40,93,68,57,63,420,93,94,63.1 ,軍師, 
 ,司馬朗,ｼﾊﾞﾛｳ,41,69,83,40,93,52,28,23,40,93,296,465,24,46.2 ,軍師, 
 ,謝旌,ｼｬｾｲ,82,78,25,24,23,40,93,30,93,75,24,63,40,93,294,478,45.9 ,"",""
 ,車冑,ｼｬﾁｭｳ,72,60,93,48,77,63,70,93,70,93,397,63,147,63,60.0 ,"",将軍
 ,沙摩柯,ｼｬﾏｶ,91,20,93,17,63,48,74,70,93,320,93,350,93,49.4 ,"",将軍
◇,朱異,ｼｭｲ,82,68,65,24,48,55,24,65,24,71,372,200,93,56.5 ,"", 
 ,周昕,ｼｭｳｷﾝ,71,39,28,36,52,22,248,667,63,39.6 ,"",""
◇,周昂,ｼｭｳｺｳ,64,64,61,59,75,24,59,382,183,40,93,57.9 ,"", 
◇,周旨,ｼｭｳｼ,85,24,42,29,44,66,64,330,93,318,50.8 ,"",将軍
 ,周善,ｼｭｳｾﾞﾝ,75,24,42,36,67,63,43,40,93,54,317,63,369,49.0 ,"",""
 ,周倉,ｼｭｳｿｳ,85,24,30,93,24,58,82,70,93,349,251,53.4 ,"",将軍
 ,周泰,ｼｭｳﾀｲ,82,84,53,40,93,47,63,61,78,72,395,24,154,59.7 ,"",将軍
◇,州泰,ｼｭｳﾀｲ,82,63,40,93,73,40,93,62,60,93,71,59,388,169,58.7 ,"", 
 ,周魴,ｼｭｳﾎｳ,49,71,79,60,93,40,93,33,40,93,332,313,40,93,51.1 ,"", 
 ,周瑜,ｼｭｳﾕ,75,24,96,86,95,24,73,40,93,100,93,525,24,1,77.5 ,軍師,将軍
 ,朱桓,ｼｭｶﾝ,83,40,93,75,24,69,82,76,81,466,24,69.4 ,"",将軍
◇,朱拠,ｼｭｷｮ,70,93,73,40,93,68,72,68,74,425,24,81,63.8 ,"",将軍
◇,祝融,ｼｭｸﾕｳ,85,24,28,22,74,61,25,24,295,24,473,40,93,46.0 ,"",将軍
 ,朱光,ｼｭｺｳ,74,48,42,61,69,26,320,93,351,49.4 ,"",""
 ,朱讃,ｼｭｻﾝ,74,48,43,40,93,73,40,93,72,70,93,380,93,186,57.6 ,"",将軍
 ,朱儁,ｼｭｼｭﾝ,75,24,60,93,74,80,93,78,70,93,437,63,59,65.4 ,"",将軍
 ,朱然,ｼｭｾﾞﾝ,75,24,35,24,27,63,60,93,70,93,70,93,337,63,293,40,93,51.8 ,"",将軍
 ,朱治,ｼｭﾁ,57,63,48,32,48,45,24,40,93,270,93,592,42.6 ,"", 
 ,朱褒,ｼｭﾎｳ,59,60,93,67,63,14,54,30,93,284,524,44.5 ,"", 
 ,朱霊,ｼｭﾚｲ,82,74,35,24,30,93,39,69,25,24,272,582,42.9 ,"",""
 ,荀彧,ｼﾞｭﾝｲｸ,37,63,96,85,24,85,24,62,60,93,425,24,82,63.8 ,軍師, 
 ,淳于瓊,ｼﾞｭﾝｳｹｲ,82,73,40,93,62,50,93,61,68,24,338,288,51.9 ,"",""
 ,荀惲,ｼﾞｭﾝｳﾝ,41,42,69,72,36,17,63,277,63,566,43.6 ,"", 
◇,荀顗,ｼﾞｭﾝｷﾞ,21,73,40,93,75,24,74,26,21,290,93,492,45.3 ,"", 
◇,荀勗,ｼﾞｭﾝｷｮｸ,26,77,63,76,41,20,93,18,258,641,41.0 ,"", 
 ,荀諶,ｼﾞｭﾝｼﾝ,49,57,63,72,48,44,10,93,280,93,544,44.0 ,"", 
 ,荀爽,ｼﾞｭﾝｿｳ,45,24,70,93,77,63,76,39,16,323,40,93,339,49.9 ,"", 
 ,荀攸,ｼﾞｭﾝﾕｳ,40,93,94,85,24,70,93,60,93,58,407,63,122,61.3 ,軍師, 
◇,焦彝,ｼｮｳｲ,82,65,24,55,24,32,57,63,54,43,40,93,306,421,47.5 ,"", 
◇,鍾毓,ｼｮｳｲｸ,21,71,74,70,93,35,24,28,299,448,46.6 ,"", 
 ,蒋琬,ｼｮｳｴﾝ,60,93,85,24,80,93,84,73,40,93,70,93,452,34,67.5 ,軍師, 
 ,鐘会,ｼｮｳｶｲ,82,70,93,94,70,93,79,80,93,74,467,63,23,40,93,69.5 ,軍師,将軍
◇,蒋幹,ｼｮｳｶﾝ,17,63,69,62,47,63,19,11,225,24,715,24,36.5 ,"", 
 ,蒋奇,ｼｮｳｷ,72,41,37,63,49,60,93,22,281,541,44.1 ,"",""
 ,蒋義渠,ｼｮｳｷﾞｷｮ,71,35,24,30,93,60,93,63,40,93,23,40,93,282,538,44.2 ,"",""
 ,尚挙,ｼｮｳｷｮ,24,69,73,40,93,58,20,93,11,255,24,654,40.6 ,"", 
 ,蒋欽,ｼｮｳｷﾝ,67,63,64,52,57,63,62,65,24,367,63,214,55.9 ,"", 
 ,尚弘,ｼｮｳｺｳ,43,40,93,54,62,62,36,14,271,588,42.7 ,"", 
◇,蒋済,ｼｮｳｻｲ,82,42,87,63,77,63,55,24,50,93,27,63,338,289,51.9 ,軍師, 
◇,譙周,ｼｮｳｼｭｳ,19,65,24,72,54,24,14,248,668,39.6 ,"", 
◇,蒋舒,ｼｮｳｼﾞｮ,72,35,24,33,40,93,22,55,24,39,256,648,40.7 ,"",""
 ,焦触,ｼｮｳｼｮｸ,65,24,34,30,93,50,93,61,18,258,642,41.0 ,"", 
 ,鍾進,ｼｮｳｼﾝ,72,58,47,63,51,66,26,320,93,352,49.4 ,"",""
 ,尚寵,ｼｮｳﾁｮｳ,40,93,85,24,73,40,93,78,82,70,93,428,78,64.2 ,軍師, 
◇,邵悌,ｼｮｳﾃｲ,82,16,78,65,24,59,33,40,93,22,273,40,93,577,63,43.0 ,"", 
◇,蒋班,ｼｮｳﾊﾝ,73,40,93,66,41,52,56,37,63,325,24,335,24,50.1 ,"",""
◇,蒋斌,ｼｮｳﾋﾝ,28,67,63,74,71,30,93,29,299,449,46.6 ,"", 
 ,鍾繇,ｼｮｳﾖｳ,15,24,68,77,63,30,93,11,6,207,63,743,40,93,34.0 ,"", 
◇,鍾離牧,ｼｮｳﾘﾎﾞｸ,70,93,75,24,61,73,40,93,84,60,93,423,40,93,88,63.5 ,"",将軍
 ,尚朗,ｼｮｳﾛｳ,52,69,74,63,40,93,40,93,19,317,63,370,93,49.0 ,"", 
 ,徐栄,ｼﾞｮｴｲ,82,54,38,45,24,40,93,38,19,234,700,93,37.7 ,"", 
 ,諸葛恪,ｼｮｶﾂｶｸ,52,95,24,83,40,93,75,24,69,75,24,449,39,67.1 ,軍師, 
◇,諸葛喬,ｼｮｶﾂｷｮｳ,27,63,77,63,67,63,75,24,55,24,60,93,361,226,55.0 ,"", 
 ,諸葛瑾,ｼｮｶﾂｷﾝ,55,24,91,80,93,95,24,46,46,413,40,93,113,40,93,62.2 ,軍師, 
◇,諸葛均,ｼｮｶﾂｷﾝ,30,93,56,65,24,66,39,28,284,525,24,44.5 ,"", 
◇,諸葛緒,ｼｮｶﾂｼｮ,43,40,93,27,63,48,50,93,45,24,32,245,24,677,63,39.2 ,"", 
◇,諸葛尚,ｼｮｶﾂｼｮｳ,73,40,93,55,24,55,24,68,54,42,347,63,257,63,53.1 ,"",""
◇,諸葛靚,ｼｮｶﾂｾｲ,82,65,24,67,63,57,63,68,58,46,361,227,63,55.0 ,"", 
◇,諸葛瞻,ｼｮｶﾂｾﾝ,61,72,61,70,93,68,57,63,389,168,58.9 ,"", 
 ,諸葛誕,ｼｮｶﾂﾀﾝ,72,70,93,59,80,93,66,70,93,417,63,101,62.7 ,"",将軍
 ,諸葛亮,ｼｮｶﾂﾘｮｳ,61,100,93,92,95,24,92,78,518,6,76.5 ,軍師, 
 ,徐晃,ｼﾞｮｺｳ,91,49,41,62,83,40,93,75,24,401,137,63,60.5 ,"",将軍
◇,徐質,ｼﾞｮｼﾂ,80,93,24,18,43,40,93,62,54,281,542,44.1 ,"",""
 ,徐庶,ｼﾞｮｼｮ,65,24,95,24,87,63,85,24,85,24,74,491,15,24,72.8 ,軍師, 
 ,徐商,ｼﾞｮｼｮｳ,66,55,24,40,93,51,61,25,24,298,456,46.4 ,"", 
 ,徐盛,ｼﾞｮｾｲ,82,65,24,70,93,77,63,71,59,32,374,196,56.8 ,"", 
◇,徐邈,ｼﾞｮﾊﾞｸ,32,70,93,84,80,93,55,24,43,40,93,364,217,63,55.5 ,軍師, 
 ,沈瑩,ｼﾝｴｲ,82,70,93,51,38,74,71,70,93,374,197,63,56.8 ,"",将軍
 ,審栄,ｼﾝｴｲ,82,55,24,48,52,49,45,24,24,273,40,93,578,43.0 ,"", 
 ,秦琪,ｼﾝｷ,63,40,93,52,46,38,57,63,27,63,283,40,93,528,44.4 ,"", 
 ,申儀,ｼﾝｷﾞ,67,63,54,46,48,60,93,23,40,93,298,457,63,46.4 ,"", 
 ,岑昏,ｼﾝｺﾝ,34,62,77,63,27,63,28,15,24,243,40,93,685,24,38.9 ,"", 
 ,任峻,ｼﾞﾝｼｭﾝ,67,63,54,50,93,60,93,63,40,93,26,320,93,353,40,93,49.4 ,"", 
◇,辛敞,ｼﾝｼｮｳ,29,46,70,93,68,51,32,296,466,46.2 ,"", 
 ,申耽,ｼﾝﾀﾝ,72,56,48,60,93,61,28,325,24,336,50.1 ,"",""
 ,審配,ｼﾝﾊﾟｲ,82,71,67,63,80,93,75,24,73,40,93,72,438,55,24,65.6 ,軍師,将軍
 ,辛毘,ｼﾝﾋﾟ,50,93,74,79,83,40,93,42,21,349,252,53.4 ,"", 
 ,辛評,ｼﾝﾋﾟｮｳ,70,93,65,24,58,64,63,40,93,23,40,93,343,40,93,268,52.6 ,"",""
◇,秦宓,ｼﾝﾌｸ,16,70,93,71,76,22,12,267,63,603,40,93,42.2 ,"", 
 ,辛明,ｼﾝﾒｲ,82,59,48,42,65,24,54,26,294,479,45.9 ,"", 
 ,秦良,ｼﾝﾘｮｳ,65,24,44,40,93,56,62,25,24,292,486,45.6 ,"", 
 ,秦朗,ｼﾝﾛｳ,66,37,63,21,47,63,61,28,260,93,631,41.2 ,"", 
◇,眭元進,ｽｲｹﾞﾝｼﾝ,63,40,93,38,21,45,24,53,40,93,39,259,637,63,41.1 ,"", 
◇,眭固,ｽｲｺ,72,40,93,17,63,21,61,35,24,246,675,24,39.3 ,"",""
 ,鄒靖,ｽｳｾｲ,82,62,60,93,47,63,68,54,23,40,93,314,384,48.6 ,"", 
◇,鄒丹,ｽｳﾀﾝ,71,36,38,40,93,63,40,93,35,24,283,40,93,529,44.4 ,"",""
 ,成宜,ｾｲｷﾞ,63,40,93,38,32,39,59,21,252,661,40.2 ,"", 
◇,成公英,ｾｲｺｳｴｲ,82,58,80,93,70,93,68,73,40,93,52,401,138,60.5 ,軍師, 
◇,盛曼,ｾｲﾏﾝ,69,66,51,58,61,59,364,218,55.5 ,"", 
 ,成廉,ｾｲﾚﾝ,72,43,40,93,29,53,40,93,63,40,93,20,93,280,93,545,24,44.0 ,"",""
◇,石苞,ｾｷﾎｳ,67,63,58,53,40,93,62,71,52,363,40,93,220,93,55.3 ,"", 
 ,薛瑩,ｾﾂｴｲ,82,40,93,61,78,62,33,40,93,16,290,93,493,40,93,45.3 ,"", 
◇,薛珝,ｾﾂｸ,24,71,76,62,26,20,93,279,553,40,93,43.8 ,"", 
 ,薛綜,ｾﾂｿｳ,35,24,62,74,65,24,31,19,286,510,93,44.8 ,"", 
 ,薛悌,ｾﾂﾃｲ,82,49,61,65,24,51,42,17,63,285,24,520,93,44.7 ,"", 
 ,薛蘭,ｾﾂﾗﾝ,61,51,39,46,55,24,20,93,272,583,40,93,42.9 ,"", 
 ,薛礼,ｾﾂﾚｲ,82,62,54,42,67,63,59,22,306,422,47.5 ,"", 
◇,全褘,ｾﾞﾝｲ,82,66,45,24,34,56,61,53,40,93,315,24,375,24,48.8 ,"", 
◇,全懌,ｾﾞﾝｴｷ,62,37,63,46,54,60,93,57,63,316,371,48.9 ,"", 
◇,全紀,ｾﾞﾝｷ,69,55,24,70,93,64,51,46,355,24,236,54.2 ,"", 
◇,単経,ｾﾞﾝｹｲ,82,63,40,93,44,48,55,24,70,93,35,24,315,24,376,48.8 ,"", 
◇,全尚,ｾﾞﾝｼｮｳ,16,21,38,56,15,24,13,40,93,159,767,63,27.4 ,"", 
 ,全琮,ｾﾞﾝｿｳ,82,70,93,36,73,40,93,73,40,93,70,93,404,130,93,60.9 ,"",将軍
◇,全端,ｾﾞﾝﾀﾝ,65,24,38,39,57,63,64,66,329,326,50.7 ,"", 
 ,曹安民,ｿｳｱﾝﾐﾝ,69,65,24,53,40,93,68,62,16,333,40,93,308,51.2 ,"", 
 ,曹宇,ｿｳｳ,69,68,71,74,64,23,40,93,369,206,56.1 ,"", 
 ,曹叡,ｿｳｴｲ,82,68,80,93,72,73,40,93,64,60,93,417,63,102,62.7 ,軍師, 
 ,宋果,ｿｳｶ,56,48,43,40,93,46,49,19,261,626,41.4 ,"", 
 ,曹奐,ｿｳｶﾝ,43,40,93,50,93,52,59,41,16,261,627,63,41.4 ,"", 
 ,曹羲,ｿｳｷﾞ,64,59,44,50,93,52,14,283,40,93,530,93,44.4 ,"", 
 ,曹休,ｿｳｷｭｳ,72,65,24,58,78,72,70,93,415,24,111,62.4 ,"",将軍
 ,曹訓,ｿｳｸﾝ,71,62,54,74,73,40,93,71,405,24,126,61.1 ,"",将軍
 ,宋謙,ｿｳｹﾝ,68,30,93,22,52,63,40,93,51,286,511,44.8 ,"", 
 ,宋憲,ｿｳｹﾝ,59,45,24,41,33,40,93,50,93,42,270,93,593,40,93,42.6 ,"", 
 ,曹彦,ｿｳｹﾞﾝ,66,60,93,68,59,62,24,339,282,52.0 ,"", 
 ,曹洪,ｿｳｺｳ,74,47,63,41,75,24,74,72,383,40,93,180,93,58.1 ,"",将軍
 ,曹昂,ｿｳｺｳ,60,93,54,50,93,67,63,58,19,308,409,47.8 ,"", 
 ,曹純,ｿｳｼﾞｭﾝ,60,93,51,42,43,40,93,54,20,93,270,93,594,42.6 ,"", 
 ,曹彰,ｿｳｼｮｳ,93,40,93,42,39,70,93,81,71,396,151,59.8 ,"",将軍
 ,曹植,ｿｳｼｮｸ,15,24,76,82,83,40,93,12,10,93,278,559,43.7 ,軍師, 
 ,曹真,ｿｳｼﾝ,73,40,93,61,48,72,78,70,93,402,135,24,60.6 ,"",将軍
 ,曹仁,ｿｳｼﾞﾝ,83,40,93,62,57,63,67,63,79,72,420,93,95,24,63.1 ,"",将軍
 ,曹性,ｿｳｾｲ,82,70,93,57,63,52,49,66,25,24,319,359,49.3 ,"",""
 ,曹操,ｿｳｿｳ,89,94,90,93,98,93,40,93,59,523,40,93,3,40,93,77.2 ,軍師,将軍
 ,曹爽,ｿｳｿｳ,65,24,52,48,62,59,27,63,313,40,93,387,63,48.5 ,"", 
 ,宋忠,ｿｳﾁｭｳ,33,40,93,41,55,24,60,93,29,13,40,93,231,707,63,37.3 ,"", 
◇,曹沖,ｿｳﾁｭｳ,17,63,80,93,74,77,63,24,14,286,512,44.8 ,軍師, 
 ,藏覇,ｿﾞｳﾊ,62,54,43,40,93,67,63,57,63,14,297,63,459,46.3 ,"", 
 ,曹丕,ｿｳﾋ,68,65,24,73,40,93,70,93,65,24,25,24,366,215,24,55.7 ,"", 
 ,曹豹,ｿｳﾋｮｳ,52,24,20,93,21,52,18,187,63,759,31.3 ,"", 
 ,宋宝,ｿｳﾎｳ,69,57,63,48,84,54,25,24,337,63,294,51.8 ,"", 
 ,曹芳,ｿｳﾎｳ,50,93,47,63,54,56,46,13,40,93,266,610,93,42.1 ,"", 
 ,曹髦,ｿｳﾎﾞｳ,64,37,63,31,35,24,58,20,93,245,24,678,39.2 ,"", 
 ,曹熊,ｿｳﾕｳ,63,40,93,60,93,65,24,42,51,22,303,40,93,431,47.1 ,"", 
 ,沮鵠,ｿｺｸ,64,52,41,63,40,93,62,24,306,423,40,93,47.5 ,"", 
 ,沮授,ｿｼﾞｭ,60,93,85,24,73,40,93,75,24,71,69,433,40,93,67,63,64.9 ,軍師, 
 ,蘇飛,ｿﾋ,69,30,93,16,73,40,93,68,30,93,286,513,40,93,44.8 ,"", 
 ,祖茂,ｿﾓ,70,93,62,58,87,63,70,93,70,93,417,63,103,40,93,62.7 ,"",将軍
 ,蘇由,ｿﾕｳ,59,44,25,24,52,59,21,260,93,632,41.2 ,"", 
 ,孫異,ｿﾝｲ,82,70,93,60,93,49,71,62,82,394,157,63,59.6 ,"",将軍
 ,孫和,ｿﾝｶ,39,50,93,58,80,93,35,24,28,290,93,494,45.3 ,"", 
 ,孫桓,ｿﾝｶﾝ,70,93,52,58,73,40,93,63,40,93,81,397,63,148,60.0 ,"",将軍
 ,孫観,ｿﾝｶﾝ,67,63,49,38,30,93,62,54,300,93,443,40,93,46.7 ,"", 
 ,孫冀,ｿﾝｷ,74,72,53,40,93,66,66,84,415,24,112,62.4 ,"",将軍
 ,孫休,ｿﾝｷｭｳ,42,58,65,24,59,40,93,19,283,40,93,531,44.4 ,"", 
 ,孫匡,ｿﾝｷｮｳ,59,59,68,53,40,93,58,37,63,334,303,40,93,51.4 ,"", 
◇,孫歆,ｿﾝｷﾝ,70,93,38,40,93,35,24,68,60,93,311,397,63,48.2 ,"",""
 ,孫堅,ｿﾝｹﾝ,90,93,84,72,87,63,81,90,93,504,10,93,74.6 ,軍師,将軍
 ,孫権,ｿﾝｹﾝ,86,87,63,71,98,80,93,95,24,517,63,7,63,76.4 ,軍師,将軍
 ,孫乾,ｿﾝｹﾝ,38,70,93,77,63,90,93,34,21,330,93,319,50.8 ,"", 
◇,孫皎,ｿﾝｺｳ,70,93,69,71,75,24,70,93,77,63,432,69,64.7 ,"",将軍
 ,孫皓,ｿﾝｺｳ,70,93,62,51,46,69,23,40,93,321,345,24,49.6 ,"",""
 ,孫策,ｿﾝｻｸ,91,85,24,74,89,82,96,517,63,8,76.4 ,軍師,将軍
 ,孫秀,ｿﾝｼｭｳ,76,68,59,80,93,60,93,75,24,418,98,62.8 ,"",将軍
◇,孫峻,ｿﾝｼｭﾝ,72,68,28,20,93,67,24,72,327,24,298,50.4 ,"",""
 ,孫韶,ｿﾝｼｮｳ,72,32,21,70,93,65,24,82,342,272,52.4 ,"",将軍
◇,孫震,ｿﾝｼﾝ,71,48,42,54,64,69,348,254,53.3 ,"",将軍
 ,孫静,ｿﾝｾｲ,82,69,63,40,93,58,65,24,64,42,361,228,55.0 ,"", 
◇,孫仲,ｿﾝﾁｭｳ,73,40,93,37,63,16,21,65,24,39,251,663,40,93,40.0 ,"",""
◇,孫綝,ｿﾝﾁﾝ,40,93,65,24,18,16,25,24,30,93,194,753,40,93,32.2 ,"", 
 ,孫登,ｿﾝﾄｳ,35,24,50,93,56,80,93,31,23,40,93,275,24,572,43.3 ,"", 
 ,孫瑜,ｿﾝﾕ,64,52,48,70,93,60,93,49,343,40,93,269,52.6 ,"", 
 ,孫翊,ｿﾝﾖｸ,76,42,35,24,45,24,70,93,52,320,93,354,49.4 ,"",""
 ,孫亮,ｿﾝﾘｮｳ,29,70,93,79,88,23,40,93,20,93,309,404,47.9 ,"", 
 ,孫礼,ｿﾝﾚｲ,82,73,40,93,69,63,40,93,59,68,28,360,93,230,93,54.9 ,"",""
 ,孫朗,ｿﾝﾛｳ,57,63,54,63,40,93,53,40,93,55,24,34,316,372,48.9 ,"", 
◇,太史享,ﾀｲｼｷｮｳ,66,50,93,61,58,57,63,60,93,352,241,53.8 ,"", 
 ,太史慈,ﾀｲｼｼﾞ,94,67,63,59,70,93,81,73,40,93,444,46,66.4 ,"",将軍
◇,帯来主,ﾀｲﾗｲｼｭ,56,55,24,44,65,24,51,30,93,301,438,46.8 ,"", 
◇,戴陵,ﾀｲﾘｮｳ,75,24,45,24,36,51,64,58,329,327,63,50.7 ,"",""
 ,卓膺,ﾀｸﾖｳ,65,24,50,93,38,58,61,25,24,297,63,460,93,46.3 ,"", 
 ,朶思王,ﾀﾞｼｵｳ,68,51,40,93,39,62,31,291,491,45.5 ,"", 
 ,譚雄,ﾀﾝﾕｳ,80,93,23,40,93,19,30,93,71,40,93,263,40,93,620,93,41.7 ,"",""
 ,張允,ﾁｮｳｲﾝ,59,60,93,68,44,50,93,21,302,436,47.0 ,"", 
 ,趙雲,ﾁｮｳｳﾝ,98,84,80,93,93,40,93,87,63,83,40,93,525,24,2,77.5 ,軍師,将軍
 ,張衛,ﾁｮｳｴｲ,82,72,35,24,31,64,62,24,288,504,45.1 ,"",""
 ,張英,ﾁｮｳｴｲ,82,71,47,63,41,52,60,93,22,293,40,93,484,45.8 ,"",""
 ,趙叡,ﾁｮｳｴｲ,82,63,40,93,56,47,63,61,58,27,63,312,391,48.3 ,"", 
 ,張燕,ﾁｮｳｴﾝ,71,52,44,75,24,75,24,70,93,387,63,172,58.6 ,"",将軍
 ,張横,ﾁｮｳｵｳ,70,93,31,26,29,62,20,93,238,693,40,93,38.2 ,"",""
 ,張温,ﾁｮｳｵﾝ,25,24,58,69,72,21,13,40,93,258,643,40,93,41.0 ,"", 
◇,張華,ﾁｮｳｶ,26,81,77,63,62,43,40,93,34,323,40,93,340,93,49.9 ,軍師, 
 ,張顗,ﾁｮｳｶﾞｲ,82,67,63,30,93,21,24,60,93,49,251,664,40.0 ,"", 
 ,張闓,ﾁｮｳｶﾞｲ,82,59,53,40,93,42,18,54,19,245,24,679,39.2 ,"", 
◇,張角,ﾁｮｳｶｸ,27,63,86,80,93,98,90,93,80,93,461,29,68.7 ,軍師, 
◇,張既,ﾁｮｳｷ,35,24,79,86,87,63,77,63,70,93,434,64,65.0 ,軍師, 
◇,張球,ﾁｮｳｷｭｳ,71,47,63,30,93,45,24,69,68,330,93,320,93,50.8 ,"",""
 ,張休,ﾁｮｳｷｭｳ,35,24,71,82,74,44,39,345,24,262,52.9 ,軍師, 
 ,張嶷,ﾁｮｳｷﾞｮｸ,71,65,24,36,59,64,23,40,93,318,363,40,93,49.2 ,"",""
 ,趙衢,ﾁｮｳｸ,61,60,93,58,52,57,63,24,312,392,48.3 ,"", 
 ,張勲,ﾁｮｳｸﾝ,70,93,65,24,54,73,40,93,69,70,93,401,139,60.5 ,"",将軍
 ,張虎,ﾁｮｳｺ,61,57,63,52,41,54,23,40,93,288,505,24,45.1 ,"", 
 ,張郃,ﾁｮｳｺｳ,90,93,62,51,63,40,93,88,77,63,431,71,64.6 ,"",将軍
 ,趙広,ﾁｮｳｺｳ,73,40,93,64,53,40,93,69,70,93,70,93,399,144,60.2 ,"",将軍
 ,趙昂,ﾁｮｳｺｳ,72,53,40,93,49,80,93,73,40,93,70,93,397,63,149,60.0 ,"",将軍
◇,趙弘,ﾁｮｳｺｳ,71,30,93,25,24,11,57,63,21,215,24,731,35.1 ,"",""
 ,張紘,ﾁｮｳｺｳ,27,63,87,63,92,86,28,30,93,350,93,248,53.5 ,軍師, 
 ,張済,ﾁｮｳｻｲ,82,74,59,65,24,71,76,72,417,63,104,62.7 ,"",将軍
 ,張繡,ﾁｮｳｼｭｳ,74,53,40,93,49,67,63,68,28,339,283,40,93,52.0 ,"",""
◇,張緝,ﾁｮｳｼｭｳ,27,63,74,74,61,31,32,299,450,93,46.6 ,"", 
◇,張遵,ﾁｮｳｼﾞｭﾝ,67,63,66,61,59,65,24,58,376,193,40,93,57.1 ,"", 
 ,張承,ﾁｮｳｼｮｳ,65,24,41,33,40,93,53,40,93,61,27,63,280,93,546,44.0 ,"", 
 ,張松,ﾁｮｳｼｮｳ,34,82,91,79,30,93,21,337,63,295,24,51.8 ,軍師, 
 ,張昭,ﾁｮｳｼｮｳ,32,86,94,82,29,29,352,242,53.8 ,軍師, 
 ,趙岑,ﾁｮｳｼﾝ,63,40,93,25,24,18,28,57,63,18,209,740,93,34.3 ,"", 
 ,張任,ﾁｮｳｼﾞﾝ,87,63,69,65,24,76,84,71,452,35,24,67.5 ,"",将軍
 ,張先,ﾁｮｳｾﾝ,68,48,35,24,52,62,25,24,290,93,495,24,45.3 ,"", 
 ,貂蝉,ﾁｮｳｾﾝ,1,36,63,40,93,100,93,1,1,202,748,33.3 ,"", 
 ,張達,ﾁｮｳﾀﾂ,50,93,33,40,93,36,21,39,19,198,751,32.8 ,"", 
 ,張著,ﾁｮｳﾁｮ,59,35,24,31,30,93,51,20,93,226,713,40,93,36.6 ,"", 
◇,張悌,ﾁｮｳﾃｲ,82,70,93,81,78,83,40,93,74,80,93,466,25,24,69.4 ,軍師,将軍
 ,趙統,ﾁｮｳﾄｳ,70,93,69,57,63,70,93,61,22,349,253,40,93,53.4 ,"",""
◇,張特,ﾁｮｳﾄｸ,70,93,74,67,63,68,71,55,24,405,24,127,63,61.1 ,"",将軍
 ,張南,ﾁｮｳﾅﾝ,56,46,41,52,47,63,13,40,93,255,24,655,24,40.6 ,"", 
 ,張邈,ﾁｮｳﾊﾞｸ,57,63,26,19,37,63,48,32,219,726,35.6 ,"", 
 ,趙範,ﾁｮｳﾊﾝ,52,54,58,40,93,49,19,272,584,42.9 ,"", 
 ,張飛,ﾁｮｳﾋ,99,30,93,18,36,83,40,93,70,93,336,296,51.6 ,"",将軍
◇,張布,ﾁｮｳﾌ,31,70,93,67,63,17,63,32,35,24,252,662,40.2 ,"", 
 ,張苞,ﾁｮｳﾎｳ,92,37,63,30,93,55,24,83,40,93,72,369,207,63,56.1 ,"",将軍
◇,張宝,ﾁｮｳﾎｳ,69,79,60,93,89,83,40,93,70,93,450,93,38,67.2 ,"", 
◇,張曼成,ﾁｮｳﾏﾝｾｲ,82,83,40,93,47,63,39,55,24,73,40,93,72,369,208,56.1 ,"",将軍
 ,張楊,ﾁｮｳﾖｳ,64,51,43,40,93,76,62,29,325,24,337,63,50.1 ,"", 
 ,張翼,ﾁｮｳﾖｸ,72,42,36,73,40,93,75,24,71,369,209,56.1 ,"",将軍
 ,張遼,ﾁｮｳﾘｮｳ,90,93,80,93,68,83,40,93,87,63,74,482,18,71.6 ,軍師,将軍
◇,張梁,ﾁｮｳﾘｮｳ,81,69,53,40,93,85,24,78,75,24,441,52,66.0 ,"",将軍
 ,趙累,ﾁｮｳﾙｲ,82,60,93,70,93,63,40,93,75,24,51,20,93,339,284,52.0 ,"", 
 ,張魯,ﾁｮｳﾛ,72,80,93,69,89,73,40,93,70,93,453,40,93,33,40,93,67.6 ,軍師,将軍
 ,陳応,ﾁﾝｵｳ,63,40,93,20,93,14,21,53,40,93,21,192,756,32.0 ,"", 
 ,陳横,ﾁﾝｵｳ,62,48,39,56,52,23,40,93,280,93,547,63,44.0 ,"", 
 ,陳紀,ﾁﾝｷ,68,42,31,52,62,28,283,40,93,532,44.4 ,"", 
 ,陳宮,ﾁﾝｷｭｳ,54,80,93,71,67,63,85,24,75,24,432,70,93,64.7 ,軍師, 
 ,陳矯,ﾁﾝｷｮｳ,20,93,68,79,71,18,9,265,24,614,41.9 ,"", 
 ,陳羣,ﾁﾝｸﾞﾝ,50,93,92,81,75,24,70,93,66,434,65,24,65.0 ,軍師, 
 ,陳珪,ﾁﾝｹｲ,82,36,68,77,63,79,30,93,11,301,439,46.8 ,"", 
◇,陳騫,ﾁﾝｹﾝ,70,93,65,24,62,54,72,60,93,383,40,93,181,58.1 ,"",将軍
◇,陳寿,ﾁﾝｼﾞｭ,22,60,93,71,39,25,24,15,24,232,706,37.4 ,"", 
 ,陳就,ﾁﾝｼｭｳ,71,45,24,33,40,93,51,42,59,301,440,93,46.8 ,"",""
 ,陳式,ﾁﾝｼｮｸ,67,63,28,19,37,63,60,93,23,40,93,234,701,37.7 ,"", 
 ,陳震,ﾁﾝｼﾝ,35,24,65,24,76,39,32,18,265,24,615,24,41.9 ,"", 
 ,陳生,ﾁﾝｾｲ,82,65,24,48,31,48,57,63,21,270,93,595,24,42.6 ,"", 
 ,陳泰,ﾁﾝﾀｲ,82,79,78,69,69,72,70,93,437,63,60,93,65.4 ,"",将軍
◇,陳到,ﾁﾝﾄｳ,74,65,24,50,93,72,79,70,93,410,93,118,61.7 ,"",将軍
 ,陳登,ﾁﾝﾄｳ,27,63,70,93,73,40,93,75,24,25,24,18,288,506,45.1 ,"", 
◇,陳表,ﾁﾝﾋｮｳ,49,74,80,93,70,93,62,60,93,395,24,155,24,59.7 ,軍師, 
 ,陳武,ﾁﾝﾌﾞ,69,55,24,49,35,24,58,37,63,303,40,93,432,47.1 ,"", 
 ,陳蘭,ﾁﾝﾗﾝ,65,24,32,20,93,32,54,20,93,223,40,93,716,36.2 ,"", 
 ,陳琳,ﾁﾝﾘﾝ,23,40,93,80,93,66,54,55,24,54,332,314,51.1 ,軍師, 
 ,程昱,ﾃｲｲｸ,25,24,90,93,71,75,24,85,24,75,24,421,93,40,93,63.2 ,軍師, 
◇,程遠志,ﾃｲｴﾝｼ,74,18,25,24,50,93,72,69,308,410,93,47.8 ,"",将軍
◇,丁儀,ﾃｲｷﾞ,13,40,93,66,70,93,28,27,63,18,222,718,36.1 ,"", 
 ,程銀,ﾃｲｷﾞﾝ,68,35,24,30,93,43,40,93,63,40,93,21,260,93,633,40,93,41.2 ,"", 
◇,丁原,ﾃｲｹﾞﾝ,76,37,63,47,63,74,72,68,374,198,56.8 ,"",将軍
◇,禰衡,ﾃﾞｲｺｳ,35,24,80,93,74,18,56,39,302,437,63,47.0 ,軍師, 
 ,鄭度,ﾃｲﾄﾞ,29,60,93,68,52,24,10,93,243,40,93,686,38.9 ,"", 
 ,程普,ﾃｲﾌ,69,81,70,93,85,24,73,40,93,82,460,93,30,93,68.6 ,軍師, 
 ,程武,ﾃｲﾌﾞ,43,40,93,80,93,67,63,70,93,60,93,58,378,190,93,57.4 ,軍師, 
 ,程秉,ﾃｲﾍｲ,82,20,93,62,73,40,93,75,24,18,9,257,63,645,24,40.8 ,"", 
 ,丁奉,ﾃｲﾎｳ,75,24,65,24,74,71,70,93,70,93,425,24,83,40,93,63.8 ,"",将軍
◇,丁封,ﾃｲﾎｳ,68,52,41,59,67,63,60,93,347,63,258,53.1 ,"", 
 ,典韋,ﾃﾝｲ,82,96,33,40,93,21,54,84,74,362,222,55.2 ,"",将軍
◇,田楷,ﾃﾞﾝｶｲ,82,63,40,93,57,63,59,62,71,50,93,362,223,40,93,55.2 ,"", 
 ,田章,ﾃﾞﾝｼｮｳ,68,45,24,39,46,53,40,93,25,24,276,567,63,43.4 ,"", 
 ,田続,ﾃﾞﾝｿﾞｸ,67,63,49,41,42,58,23,40,93,280,93,548,44.0 ,"", 
 ,田疇,ﾃﾞﾝﾁｭｳ,70,93,47,63,58,76,75,24,70,93,396,152,59.8 ,"",将軍
 ,田豊,ﾃﾞﾝﾎｳ,45,24,90,93,71,75,24,88,73,40,93,442,49,66.1 ,軍師, 
 ,典満,ﾃﾝﾏﾝ,72,27,63,20,93,48,65,24,24,256,649,40.7 ,"",""
◇,田豫,ﾃﾞﾝﾖ,62,83,40,93,72,75,24,80,93,70,93,442,50,93,66.1 ,軍師, 
◇,滕胤,ﾄｳｲﾝ,41,71,76,64,32,25,24,309,405,24,47.9 ,"", 
 ,董允,ﾄｳｲﾝ,23,40,93,86,85,24,70,93,68,67,63,399,145,24,60.2 ,軍師, 
 ,鄧艾,ﾄｳｶﾞｲ,82,85,24,93,40,93,81,74,87,63,75,24,495,24,13,40,93,73.4 ,軍師,将軍
 ,鄧義,ﾄｳｷﾞ,61,25,24,19,53,40,93,53,40,93,17,63,228,710,93,36.9 ,"", 
◇,党均,ﾄｳｷﾝ,19,81,73,40,93,41,54,33,40,93,301,441,46.8 ,軍師, 
◇,董厥,ﾄｳｹﾂ,61,75,24,80,93,63,40,93,67,63,58,404,131,60.9 ,軍師, 
 ,鄧賢,ﾄｳｹﾝ,69,65,24,70,93,60,93,66,25,24,355,24,237,63,54.2 ,"", 
 ,陶謙,ﾄｳｹﾝ,53,40,93,57,63,64,75,24,42,21,312,393,40,93,48.3 ,"", 
 ,董衡,ﾄｳｺｳ,80,93,45,24,42,74,72,71,384,177,63,58.2 ,"",将軍
 ,董璜,ﾄｳｺｳ,57,63,56,58,37,63,54,20,93,282,539,44.2 ,"", 
◇,唐咨,ﾄｳｼ,71,50,93,54,63,40,93,63,40,93,59,360,93,231,54.9 ,"",将軍
 ,鄧芝,ﾄｳｼ,52,83,40,93,79,95,24,70,93,68,447,63,40,93,66.8 ,軍師, 
 ,董襲,ﾄｳｼｭｳ,70,93,40,93,37,63,51,65,24,32,295,24,474,46.0 ,"",""
◇,滕脩,ﾄｳｼｭｳ,30,93,44,72,62,35,24,40,93,283,40,93,533,40,93,44.4 ,"", 
◇,陶濬,ﾄｳｼｭﾝ,65,24,58,52,53,40,93,64,59,351,245,24,53.7 ,"", 
 ,董承,ﾄｳｼｮｳ,70,93,57,63,43,40,93,78,70,93,70,93,388,170,93,58.7 ,"",将軍
 ,董昭,ﾄｳｼｮｳ,52,62,77,63,59,48,17,63,315,24,377,63,48.8 ,"", 
 ,董卓,ﾄｳﾀｸ,89,54,46,42,79,18,328,330,93,50.5 ,"",将軍
◇,鄧忠,ﾄｳﾁｭｳ,82,66,51,66,70,93,68,403,40,93,133,40,93,60.8 ,"",将軍
◇,董朝,ﾄｳﾁｮｳ,25,24,51,69,67,63,26,30,93,268,600,93,42.3 ,"", 
 ,董荼那,ﾄｳﾄﾅ,63,40,93,15,24,10,93,15,24,55,24,26,184,761,30.9 ,"", 
◇,蹋頓,ﾄｳﾄﾝ,82,61,36,57,63,84,70,93,390,93,164,59.0 ,"",将軍
◇,唐彬,ﾄｳﾋﾝ,74,62,52,60,93,70,93,75,24,393,40,93,160,93,59.4 ,"",将軍
 ,董旻,ﾄｳﾋﾞﾝ,61,51,32,46,46,20,93,256,650,93,40.7 ,"", 
◇,鄧茂,ﾄｳﾓ,76,31,17,63,37,63,60,93,35,24,256,651,40.7 ,"",""
 ,鄧竜,ﾄｳﾘｭｳ,67,63,49,36,48,64,22,286,514,44.8 ,"", 
 ,董和,ﾄｳﾜ,69,57,63,69,53,40,93,54,16,318,364,49.2 ,"", 
 ,杜襲,ﾄｼｭｳ,68,65,24,61,55,24,57,63,21,327,63,331,50.4 ,"", 
◇,杜預,ﾄﾞﾖ,70,93,85,24,80,93,81,86,83,40,93,485,24,17,63,72.0 ,軍師,将軍
◇,甯随,ﾈｲｽﾞｲ,82,70,93,74,37,63,59,69,60,93,369,210,93,56.1 ,"",将軍
◇,裴元紹,ﾊｲｹﾞﾝｼｮｳ,67,63,26,27,63,40,93,50,93,21,231,708,37.3 ,"", 
◇,裴秀,ﾊｲｼｭｳ,21,77,63,83,40,93,53,40,93,20,93,16,270,93,596,42.6 ,軍師, 
 ,馬延,ﾊﾞｴﾝ,65,24,43,40,93,36,55,24,61,18,278,560,93,43.7 ,"", 
 ,馬漢,ﾊﾞｶﾝ,62,41,37,63,56,55,24,24,275,24,573,40,93,43.3 ,"", 
 ,馬玩,ﾊﾞｶﾞﾝ,60,93,41,20,93,25,24,53,40,93,41,240,93,689,38.5 ,"", 
 ,馬休,ﾊﾞｷｭｳ,54,47,63,42,52,49,20,93,264,617,63,41.8 ,"", 
◇,馬鈞,ﾊﾞｷﾝ,18,64,56,23,40,93,15,24,8,184,762,30.9 ,"", 
◇,波才,ﾊｻｲ,82,75,24,52,30,93,35,24,69,60,93,321,346,49.6 ,"",""
 ,馬遵,ﾊﾞｼﾞｭﾝ,64,62,58,67,63,63,40,93,19,333,40,93,309,51.2 ,"", 
 ,馬謖,ﾊﾞｼｮｸ,68,80,93,72,69,71,69,429,76,64.3 ,軍師, 
 ,馬岱,ﾊﾞﾀｲ,82,81,47,63,39,73,40,93,74,71,385,24,174,58.3 ,"",将軍
◇,馬忠,ﾊﾞﾁｭｳ,73,40,93,70,93,74,73,40,93,81,75,24,446,43,40,93,66.7 ,"",将軍
 ,馬忠,ﾊﾞﾁｭｳ,57,63,52,47,63,48,55,24,42,301,442,46.8 ,"", 
 ,馬超,ﾊﾞﾁｮｳ,97,63,43,40,93,38,63,40,93,88,77,63,406,125,24,61.2 ,"",将軍
 ,馬鉄,ﾊﾞﾃﾂ,62,37,63,30,93,52,57,63,21,259,638,41.1 ,"", 
 ,馬騰,ﾊﾞﾄｳ,94,53,40,93,49,88,89,50,93,423,40,93,89,63.5 ,"",将軍
◇,馬邈,ﾊﾞﾊﾞｸ,27,63,15,24,30,93,15,24,32,21,140,93,769,24.8 ,"", 
 ,馬良,ﾊﾞﾘｮｳ,45,24,80,93,92,85,24,73,40,93,69,444,47,63,66.4 ,軍師, 
◇,万彧,ﾊﾞﾝｲｸ,28,66,62,26,30,93,25,24,237,63,695,24,38.1 ,"", 
 ,范疆,ﾊﾝｷｮｳ,56,36,22,25,24,41,14,194,754,32.2 ,"", 
◇,樊建,ﾊﾝｹﾝ,29,71,81,73,40,93,45,24,40,93,339,285,24,52.0 ,軍師, 
 ,潘濬,ﾊﾝｼｭﾝ,50,93,53,40,93,31,38,48,17,63,237,63,696,38.1 ,"", 
 ,潘璋,ﾊﾝｼｮｳ,75,24,38,29,56,72,40,93,310,93,401,48.1 ,"",""
 ,樊稠,ﾊﾝﾁｭｳ,80,93,25,24,21,40,93,69,25,24,260,93,634,41.2 ,"",""
 ,樊能,ﾊﾝﾉｳ,52,48,42,53,40,93,50,93,26,271,589,42.7 ,"", 
 ,潘鳳,ﾊﾝﾎｳ,77,63,19,10,93,20,93,70,93,23,40,93,219,727,63,35.6 ,"",""
◇,潘臨,ﾊﾝﾘﾝ,79,18,19,31,66,60,93,273,40,93,579,43.0 ,"",""
 ,費褘,ﾋｲ,82,25,24,75,24,82,85,24,23,40,93,6,296,467,63,46.2 ,軍師, 
 ,卑衍,ﾋｴﾝ,71,57,63,49,65,24,72,70,93,384,178,58.2 ,"",将軍
 ,費観,ﾋｶﾝ,58,45,24,41,45,24,49,18,256,652,40.7 ,"", 
 ,費詩,ﾋｼ,30,93,54,63,40,93,56,22,9,234,702,37.7 ,"", 
 ,糜竺,ﾋﾞｼﾞｸ,40,93,64,78,78,36,15,24,311,398,48.2 ,"", 
 ,糜芳,ﾋﾞﾎｳ,63,40,93,25,24,18,10,93,59,21,196,752,32.5 ,"", 
◇,費耀,ﾋﾖｳ,65,24,73,40,93,61,67,63,70,93,60,93,396,153,40,93,59.8 ,"", 
 ,武安国,ﾌﾞｱﾝｺｸ,67,63,22,16,18,59,32,214,734,35.0 ,"", 
◇,馮習,ﾌｳｼｭｳ,66,40,93,42,64,73,40,93,68,353,40,93,239,54.0 ,"", 
 ,傅嬰,ﾌｴｲ,82,71,55,24,42,65,24,74,71,378,191,57.4 ,"",将軍
◇,傅嘏,ﾌｶ,36,85,24,92,69,54,44,380,93,187,63,57.6 ,軍師, 
 ,傅幹,ﾌｶﾝ,44,69,78,59,38,19,307,63,415,24,47.7 ,"", 
 ,傅士仁,ﾌｼｼﾞﾝ,58,38,32,17,63,52,20,93,217,63,730,93,35.4 ,"", 
◇,傅僉,ﾌｾﾝ,82,73,40,93,42,55,24,75,24,70,93,397,63,150,93,60.0 ,"",将軍
 ,傅巽,ﾌｿﾝ,43,40,93,66,75,24,58,39,18,299,451,46.6 ,"", 
 ,傅彤,ﾌﾄｳ,69,67,63,61,69,63,40,93,24,353,40,93,240,93,54.0 ,"", 
◇,文鴦,ﾌﾞﾝｵｳ,91,61,43,40,93,68,78,70,93,411,116,61.9 ,"",将軍
 ,文欽,ﾌﾞﾝｷﾝ,80,93,30,93,21,61,74,29,295,24,475,24,46.0 ,"",""
◇,文虎,ﾌﾞﾝｺ,74,45,24,32,58,65,24,60,93,334,304,51.4 ,"",将軍
 ,文醜,ﾌﾞﾝｼｭｳ,91,19,10,93,56,86,72,334,305,24,51.4 ,"",将軍
 ,文聘,ﾌﾞﾝﾍﾟｲ,82,84,24,18,65,24,78,71,340,93,280,93,52.2 ,"",将軍
 ,卞喜,ﾍﾞﾝｷ,67,63,58,54,42,64,23,40,93,308,411,47.8 ,"", 
◇,方悦,ﾎｳｴﾂ,82,28,27,63,33,40,93,58,50,93,278,561,43.7 ,"",""
◇,龐会,ﾎｳｶｲ,82,75,24,45,24,44,61,68,41,334,306,51.4 ,"",""
◇,忙牙長,ﾎﾞｳｶﾞﾁｮｳ,78,13,40,93,13,40,93,24,46,25,24,199,749,32.9 ,"",""
 ,逢紀,ﾎｳｷ,54,82,64,52,66,62,380,93,188,57.6 ,軍師, 
 ,龐義,ﾎｳｷﾞ,35,24,61,72,69,30,93,12,279,554,43.8 ,"", 
 ,龐柔,ﾎｳｼﾞｭｳ,68,54,48,35,24,63,40,93,21,289,500,93,45.2 ,"", 
 ,鮑信,ﾎｳｼﾝ,59,30,93,20,93,39,38,19,205,24,747,63,33.7 ,"", 
 ,法正,ﾎｳｾｲ,82,52,87,63,78,80,93,66,65,24,428,79,64.2 ,軍師, 
 ,鮑忠,ﾎｳﾁｭｳ,72,46,37,63,48,60,93,25,24,288,507,63,45.1 ,"",""
 ,龐統,ﾎｳﾄｳ,60,93,98,82,88,88,77,63,493,40,93,14,73.1 ,軍師, 
 ,龐徳,ﾎｳﾄｸ,94,65,24,58,70,93,81,71,439,54,65.7 ,"",将軍
 ,鮑隆,ﾎｳﾘｭｳ,70,93,39,28,47,63,62,20,93,266,611,42.1 ,"",""
◇,歩協,ﾎｷｮｳ,53,40,93,75,24,65,24,67,63,73,40,93,68,401,140,93,60.5 ,"", 
◇,穆順,ﾎﾞｸｼﾞｭﾝ,77,63,24,28,35,24,52,34,250,93,665,24,39.9 ,"",""
◇,濮陽興,ﾎﾞｸﾖｳｺｳ,37,63,70,93,76,72,37,63,35,24,327,63,332,50.4 ,"", 
◇,木鹿王,ﾎﾞｸﾛｸｵｳ,72,23,40,93,13,40,93,30,93,66,34,238,694,38.2 ,"",""
 ,歩騭,ﾎｼﾂ,25,24,65,24,74,72,20,93,11,267,63,604,42.2 ,"", 
◇,歩闡,ﾎｾﾝ,60,93,72,63,40,93,61,68,68,392,163,40,93,59.3 ,"", 
◇,歩度根,ﾎﾄﾞｺﾝ,73,40,93,50,93,49,61,64,39,336,297,63,51.6 ,"",""
 ,満寵,ﾏﾝﾁｮｳ,38,81,70,93,94,72,70,93,425,24,84,63.8 ,軍師, 
◇,迷当王,ﾒｲﾄｳｵｳ,69,25,24,32,48,59,34,267,63,605,24,42.2 ,"", 
 ,毛玠,ﾓｳｶｲ,82,57,63,49,47,63,52,48,50,93,303,40,93,433,40,93,47.1 ,"", 
 ,孟獲,ﾓｳｶｸ,89,17,63,6,34,86,72,304,430,93,47.3 ,"",将軍
◇,孟宗,ﾓｳｿｳ,48,67,63,71,55,24,48,53,40,93,342,273,40,93,52.4 ,"", 
 ,孟達,ﾓｳﾀﾂ,73,40,93,70,93,58,67,63,71,70,93,409,120,93,61.6 ,"",将軍
 ,孟坦,ﾓｳﾀﾝ,69,53,40,93,41,28,62,25,24,278,562,43.7 ,"", 
 ,孟優,ﾓｳﾕｳ,83,40,93,12,5,24,12,70,93,26,208,742,34.1 ,"",""
◇,兪渉,ﾕｼｮｳ,79,26,23,40,93,29,62,48,267,63,606,42.2 ,"",""
 ,楊懐,ﾖｳｶｲ,82,75,24,44,32,60,93,71,21,303,40,93,434,47.1 ,"",""
 ,雍闓,ﾖｳｶﾞｲ,82,75,24,44,30,93,52,70,93,21,292,487,63,45.6 ,"",""
 ,楊琦,ﾖｳｷ,47,63,66,74,78,44,22,331,316,50.9 ,"", 
 ,楊儀,ﾖｳｷﾞ,70,93,61,72,71,73,40,93,70,93,417,63,105,24,62.7 ,"",将軍
◇,楊欣,ﾖｳｷﾝ,67,63,63,40,93,56,63,40,93,60,93,43,40,93,352,243,40,93,53.8 ,"", 
 ,羊祜,ﾖｳｺ,46,80,93,79,74,83,40,93,72,434,66,65.0 ,軍師, 
 ,楊昂,ﾖｳｺｳ,65,24,23,40,93,18,20,93,59,22,207,63,744,34.0 ,"", 
 ,楊洪,ﾖｳｺｳ,52,64,52,45,24,15,24,5,24,233,40,93,703,40,93,37.6 ,"", 
◇,楊弘,ﾖｳｺｳ,27,63,76,60,93,51,29,18,261,628,41.4 ,"", 
◇,楊済,ﾖｳｻｲ,82,63,40,93,71,68,71,69,52,394,158,59.6 ,"", 
 ,楊秋,ﾖｳｼｭｳ,66,15,24,11,37,63,62,23,40,93,214,735,24,35.0 ,"", 
 ,楊醜,ﾖｳｼｭｳ,65,24,48,22,18,60,93,20,93,233,40,93,704,37.6 ,"", 
 ,楊修,ﾖｳｼｭｳ,29,73,40,93,90,93,48,28,16,284,526,44.5 ,軍師, 
 ,楊松,ﾖｳｼｮｳ,45,24,57,63,37,63,24,26,18,207,63,745,24,34.0 ,"", 
 ,楊任,ﾖｳｼﾞﾝ,62,53,40,93,46,52,57,63,24,294,480,93,45.9 ,"", 
 ,楊祚,ﾖｳｿ,63,40,93,44,37,63,40,93,72,70,93,326,333,40,93,50.3 ,"", 
◇,楊肇,ﾖｳﾁｮｳ,61,67,63,70,93,55,24,65,24,51,369,211,56.1 ,"", 
 ,楊柏,ﾖｳﾊｸ,60,93,32,23,40,93,41,51,20,93,227,63,712,36.7 ,"", 
 ,楊彪,ﾖｳﾋｮｳ,57,63,63,40,93,72,74,54,18,338,290,93,51.9 ,"", 
 ,楊阜,ﾖｳﾌ,66,59,52,67,63,65,24,24,333,40,93,310,93,51.2 ,"", 
 ,楊奉,ﾖｳﾎｳ,63,40,93,47,63,29,48,56,21,264,618,41.8 ,"", 
◇,楊鋒,ﾖｳﾎｳ,58,48,40,93,37,63,54,20,93,257,63,646,40.8 ,"", 
 ,楊密,ﾖｳﾐﾂ,41,71,78,76,32,14,312,394,48.3 ,"", 
 ,楊齢,ﾖｳﾚｲ,82,48,51,62,57,63,47,63,18,283,40,93,534,44.4 ,"", 
 ,雷銅,ﾗｲﾄﾞｳ,86,43,40,93,31,55,24,81,75,24,371,203,40,93,56.4 ,"",将軍
 ,雷薄,ﾗｲﾊｸ,65,24,37,63,26,14,59,22,223,40,93,717,63,36.2 ,"", 
 ,駱統,ﾗｸﾄｳ,41,65,24,73,40,93,32,33,40,93,28,272,585,24,42.9 ,"", 
◇,羅憲,ﾗｹﾝ,70,93,75,24,68,73,40,93,86,74,446,44,66.7 ,"",将軍
 ,李異,ﾘｲ,82,80,93,24,18,30,93,68,45,24,265,24,616,41.9 ,"",""
 ,李恢,ﾘｶｲ,82,70,93,88,76,78,72,70,93,454,32,67.8 ,軍師,将軍
 ,李傕,ﾘｶｸ,63,40,93,42,40,93,26,49,20,93,240,93,690,93,38.5 ,"", 
 ,李楽,ﾘｶﾞｸ,80,93,54,47,63,39,62,27,63,309,406,47.9 ,"",""
◇,陸凱,ﾘｸｶﾞｲ,82,59,78,85,24,73,40,93,65,24,68,428,80,93,64.2 ,軍師, 
 ,陸抗,ﾘｸｺｳ,77,63,77,63,69,87,63,65,24,98,473,40,93,20,93,70.4 ,"",将軍
 ,陸績,ﾘｸｾｷ,32,68,54,65,24,27,63,20,93,266,612,42.1 ,"", 
 ,陸遜,ﾘｸｿﾝ,80,93,95,24,87,63,88,71,99,520,93,4,76.8 ,軍師,将軍
 ,李珪,ﾘｹｲ,82,28,58,65,24,75,24,24,12,262,624,41.5 ,"", 
 ,李厳,ﾘｹﾞﾝ,75,24,74,54,71,72,70,93,416,107,63,62.6 ,"",将軍
 ,李儒,ﾘｼﾞｭ,25,24,90,93,78,42,77,63,72,384,179,58.2 ,軍師, 
 ,李粛,ﾘｼｭｸ,54,68,69,40,93,50,93,24,305,24,426,47.4 ,"", 
◇,李勝,ﾘｼｮｳ,26,32,71,55,24,23,40,93,15,24,222,719,36.1 ,"", 
 ,李暹,ﾘｾﾝ,78,59,50,93,33,40,93,62,25,24,307,63,416,47.7 ,"",""
 ,李堪,ﾘﾀﾝ,58,51,38,54,54,23,40,93,278,563,40,93,43.7 ,"", 
 ,李通,ﾘﾂｳ,67,63,56,43,40,93,54,62,25,24,307,63,417,63,47.7 ,"", 
 ,李典,ﾘﾃﾝ,72,47,63,36,53,40,93,73,40,93,70,93,351,246,53.7 ,"",将軍
 ,李孚,ﾘﾌ,48,62,75,24,52,37,63,19,293,40,93,485,24,45.8 ,"", 
 ,李別,ﾘﾍﾞﾂ,65,24,39,31,25,24,54,21,235,24,698,37.8 ,"", 
 ,李封,ﾘﾎｳ,70,93,52,41,51,56,20,93,290,93,496,45.3 ,"",""
 ,李豊,ﾘﾎｳ,68,35,24,23,40,93,45,24,62,26,259,639,41.1 ,"", 
◇,李豊,ﾘﾎｳ,50,93,68,75,24,66,56,48,363,40,93,221,55.3 ,"", 
◇,李豊,ﾘﾎｳ,35,24,71,72,66,43,40,93,33,40,93,320,93,355,24,49.4 ,"", 
 ,李蒙,ﾘﾓｳ,65,24,57,63,42,25,24,58,23,40,93,270,93,597,63,42.6 ,"", 
 ,劉永,ﾘｭｳｴｲ,82,52,62,69,53,40,93,46,17,63,299,452,46.6 ,"", 
 ,劉延,ﾘｭｳｴﾝ,45,24,50,93,57,63,32,40,93,20,93,244,681,39.1 ,"", 
 ,劉焉,ﾘｭｳｴﾝ,43,40,93,72,83,40,93,86,38,19,341,275,24,52.3 ,軍師, 
 ,劉璝,ﾘｭｳｶｲ,82,51,60,93,70,93,26,47,63,22,276,568,43.4 ,"", 
 ,劉琦,ﾘｭｳｷ,30,93,63,40,93,72,68,50,93,46,329,328,50.7 ,"", 
◇,劉虞,ﾘｭｳｸﾞ,44,70,93,80,93,92,50,93,49,385,24,175,24,58.3 ,軍師, 
 ,劉勲,ﾘｭｳｸﾝ,59,56,49,54,51,21,290,93,497,63,45.3 ,"", 
 ,劉賢,ﾘｭｳｹﾝ,58,58,63,40,93,49,49,23,40,93,300,93,444,46.7 ,"", 
◇,留賛,ﾘｭｳｻﾝ,75,24,66,55,24,65,24,74,70,93,405,24,128,61.1 ,"",将軍
 ,劉晙,ﾘｭｳｼｭﾝ,67,63,52,46,51,61,29,306,424,47.5 ,"", 
 ,劉循,ﾘｭｳｼﾞｭﾝ,58,44,37,63,60,93,52,25,24,276,569,43.4 ,"", 
 ,劉璋,ﾘｭｳｼｮｳ,52,51,63,40,93,82,47,63,21,316,373,40,93,48.9 ,"", 
◇,劉劭,ﾘｭｳｼｮｳ,51,73,40,93,82,65,24,66,53,40,93,390,93,165,24,59.0 ,軍師, 
◇,劉丞,ﾘｭｳｼﾞｮｳ,69,29,35,24,55,24,46,53,40,93,287,63,508,44.9 ,"", 
 ,劉諶,ﾘｭｳｼﾞﾝ,63,40,93,61,64,81,62,20,93,351,247,63,53.7 ,"", 
 ,劉先,ﾘｭｳｾﾝ,55,24,58,69,43,40,93,49,20,93,294,481,45.9 ,"", 
◇,劉璿,ﾘｭｳｾﾝ,21,39,44,55,24,19,10,93,188,757,63,31.4 ,"", 
 ,劉禅,ﾘｭｳｾﾞﾝ,22,20,93,32,64,18,4,160,93,765,24,27.6 ,"", 
 ,劉琮,ﾘｭｳｿｳ,59,52,65,24,48,52,16,292,488,45.6 ,"", 
 ,劉岱,ﾘｭｳﾀｲ,82,64,43,40,93,29,18,59,27,63,240,93,691,38.5 ,"", 
 ,劉度,ﾘｭｳﾄﾞ,53,40,93,55,24,63,40,93,63,40,93,48,23,40,93,305,24,427,63,47.4 ,"", 
 ,劉巴,ﾘｭｳﾊ,54,70,93,62,49,53,40,93,25,24,313,40,93,388,48.5 ,"", 
 ,劉磐,ﾘｭｳﾊﾞﾝ,53,40,93,56,52,62,48,28,299,453,40,93,46.6 ,"", 
 ,劉備,ﾘｭｳﾋﾞ,68,78,82,99,60,93,29,416,108,62.6 ,軍師, 
 ,劉表,ﾘｭｳﾋｮｳ,67,63,65,24,74,69,70,93,25,24,370,93,204,56.3 ,"", 
 ,劉豹,ﾘｭｳﾋｮｳ,15,24,51,63,40,93,52,12,6,199,750,93,32.9 ,"", 
◇,劉馥,ﾘｭｳﾌｸ,50,93,73,40,93,87,63,84,54,35,24,383,40,93,182,58.1 ,軍師, 
◇,留平,ﾘｭｳﾍｲ,82,70,93,67,63,57,63,62,65,24,60,93,381,184,57.8 ,"",将軍
 ,劉辟,ﾘｭｳﾍｷ,67,63,59,42,61,65,24,28,322,342,49.7 ,"", 
 ,柳甫,ﾘｭｳﾎ,42,61,69,43,40,93,32,15,24,262,625,24,41.5 ,"", 
 ,劉封,ﾘｭｳﾎｳ,63,40,93,57,63,50,93,59,59,21,309,407,63,47.9 ,"", 
 ,劉曄,ﾘｭｳﾖｳ,35,24,85,24,73,40,93,80,93,73,40,93,70,93,416,109,62.6 ,軍師, 
 ,劉邕,ﾘｭｳﾖｳ,20,93,41,53,40,93,22,18,6,160,93,766,27.6 ,"", 
 ,劉理,ﾘｭｳﾘ,48,63,40,93,67,63,69,46,18,311,399,48.2 ,"", 
◇,留略,ﾘｭｳﾘｬｸ,68,59,49,52,72,68,368,213,40,93,56.0 ,"", 
 ,呂威璜,ﾘｮｲｺｳ,65,24,50,93,41,42,59,24,281,543,40,93,44.1 ,"", 
 ,廖化,ﾘｮｳｶ,62,60,93,49,65,24,41,23,40,93,300,93,445,24,46.7 ,"", 
 ,梁寛,ﾘｮｳｶﾝ,69,40,93,31,18,64,25,24,247,63,670,93,39.5 ,"", 
◇,梁綱,ﾘｮｳｺｳ,70,93,42,27,63,53,40,93,62,58,312,395,24,48.3 ,"",""
 ,梁興,ﾘｮｳｺｳ,70,93,25,24,18,21,62,24,220,93,724,35.8 ,"",""
 ,梁剛,ﾘｮｳｺﾞｳ,57,63,34,27,63,60,93,51,19,248,669,39.6 ,"", 
◇,梁習,ﾘｮｳｼｭｳ,49,73,40,93,90,93,84,67,63,60,93,423,40,93,90,93,63.5 ,軍師, 
◇,梁緒,ﾘｮｳｼｮ,62,66,67,63,60,93,56,43,40,93,354,238,54.1 ,"", 
 ,凌操,ﾘｮｳｿｳ,84,23,40,93,14,51,72,71,315,24,378,48.8 ,"",将軍
 ,凌統,ﾘｮｳﾄｳ,81,65,24,57,63,74,71,70,93,418,99,62.8 ,"",将軍
 ,廖立,ﾘｮｳﾘﾂ,43,40,93,68,70,93,51,37,63,16,285,24,521,44.7 ,"", 
 ,呂凱,ﾘｮｶﾞｲ,82,43,40,93,68,75,24,71,32,18,307,63,418,47.7 ,"", 
 ,呂義,ﾘｮｷﾞ,74,70,93,62,76,71,71,424,85,24,63.7 ,"",将軍
◇,呂拠,ﾘｮｷｮ,58,69,59,63,40,93,71,70,93,390,93,166,59.0 ,"", 
 ,呂虔,ﾘｮｹﾝ,72,24,16,58,63,40,93,30,93,263,40,93,621,41.7 ,"",""
 ,呂建,ﾘｮｹﾝ,68,56,48,59,57,63,23,40,93,311,400,93,48.2 ,"", 
 ,呂曠,ﾘｮｺｳ,73,40,93,25,24,21,50,93,68,27,63,264,619,41.8 ,"",""
 ,呂公,ﾘｮｺｳ,50,93,38,49,60,93,26,12,235,24,699,37.8 ,"", 
 ,呂翔,ﾘｮｼｮｳ,75,24,23,40,93,19,44,70,93,32,263,40,93,622,41.7 ,"",""
 ,呂常,ﾘｮｼﾞｮｳ,66,32,28,45,24,61,23,40,93,255,24,656,40.6 ,"", 
◇,呂岱,ﾘｮﾀｲ,82,72,70,93,69,56,83,40,93,80,93,430,93,74,64.5 ,"",将軍
 ,呂範,ﾘｮﾊﾝ,30,93,72,76,75,24,25,24,19,297,63,461,46.3 ,"", 
 ,呂布,ﾘｮﾌ,100,93,21,13,40,93,12,80,93,79,305,24,428,47.4 ,"",将軍
 ,呂蒙,ﾘｮﾓｳ,84,91,65,24,88,80,93,90,93,498,12,73.8 ,軍師,将軍
 ,倫直,ﾘﾝﾁｮｸ,57,63,56,50,93,64,53,40,93,26,306,425,24,47.5 ,"", 
 ,冷苞,ﾚｲﾎｳ,66,23,40,93,20,93,53,40,93,64,21,247,63,671,39.5 ,"", 
◇,婁圭,ﾛｳｹｲ,82,29,88,69,18,54,50,93,308,412,47.8 ,軍師, 
◇,楼玄,ﾛｳｹﾞﾝ,30,93,68,75,24,80,93,33,40,93,35,24,321,347,63,49.6 ,"", 
◇,楼班,ﾛｳﾊﾝ,76,39,31,59,65,24,50,93,320,93,356,49.4 ,"",""
◇,魯淑,ﾛｼｭｸ,70,93,76,77,63,73,40,93,70,93,75,24,441,53,40,93,66.0 ,"",将軍
 ,魯粛,ﾛｼｭｸ,61,95,24,84,90,93,78,79,487,63,16,72.3 ,軍師, 
 ,路昭,ﾛｼｮｳ,65,24,42,33,40,93,39,61,27,63,267,63,607,63,42.2 ,"", 
◇,盧植,ﾛｼｮｸ,47,63,82,83,40,93,85,24,88,80,93,465,24,26,69.3 ,軍師, 
